<?xml version="1.0" encoding="UTF-8"?>

<!-- generated on Tue Jan 19 18:41:15 2021 by Eclipse SUMO Version 1.1.0
<configuration xmlns:xsi="http://www.w3.org/2001/XMLSchema-instance" xsi:noNamespaceSchemaLocation="http://sumo.dlr.de/xsd/sumoConfiguration.xsd">

    <input>
        <net-file value="/tmp/flow/debug/cfg/highway-single_20210119-1839571611110397.0356088.net.xml"/>
        <route-files value="/tmp/flow/debug/cfg/highway-single_20210119-1839571611110397.0356088.rou.xml"/>
        <additional-files value="/tmp/flow/debug/cfg/highway-single_20210119-1839571611110397.0356088.add.xml"/>
    </input>

    <output>
        <save-state.times value="1200"/>
        <save-state.files value="warmup/highway/24.xml"/>
    </output>

    <time>
        <begin value="0"/>
        <step-length value="0.4"/>
    </time>

    <processing>
        <step-method.ballistic value="true"/>
        <collision.check-junctions value="true"/>
        <time-to-teleport value="-1"/>
    </processing>

    <report>
        <no-step-log value="true"/>
    </report>

    <traci_server>
        <remote-port value="60651"/>
        <num-clients value="1"/>
    </traci_server>

    <gui_only>
        <gui-settings-file value="/tmp/flow/debug/cfg/highway-single_20210119-1839571611110397.0356088.gui.cfg"/>
        <tracker-interval value="0.4"/>
    </gui_only>

</configuration>
-->

<snapshot xmlns:xsi="http://www.w3.org/2001/XMLSchema-instance" xsi:noNamespaceSchemaLocation="http://sumo.dlr.de/xsd/state_file.xsd" version="1.1.0" time="1200.00">
    <route id="routehighway_0_0" state="1" edges="highway_0 highway_1 highway_end"/>
    <route id="routehighway_1_0" state="1" edges="highway_1 highway_end"/>
    <route id="routehighway_end_0" state="1" edges="highway_end"/>
    <flowState id="idm_highway_inflow_00" index="683"/>
    <delay number="178" begin="683" end="479" depart="1624.00" time="120298.80"/>
    <vType id="DEFAULT_BIKETYPE" vClass="bicycle"/>
    <vType id="DEFAULT_PEDTYPE" vClass="pedestrian"/>
    <vType id="DEFAULT_VEHTYPE"/>
    <vType id="human" minGap="0.50" maxSpeed="30.00" speedFactor="normc(1.00,0.10,0.20,2.00)" impatience="0.50" laneChangeModel="LC2013" lcStrategic="1.0" lcCooperative="1.0" lcSpeedGain="1.0" lcKeepRight="1.0" carFollowModel="IDM" accel="2.6" decel="4.5" tau="1.0"/>
    <vehicle id="idm_highway_inflow_00.479" type="human" depart="842.12" departLane="free" departSpeed="24.10" route="routehighway_0_0" speedFactor="0.94" state="842000 2 5.10 0 1199600" pos="289.49" speed="6.00" posLat="0.00"/>
    <vehicle id="idm_highway_inflow_00.480" type="human" depart="843.88" departLane="free" departSpeed="24.10" route="routehighway_0_0" speedFactor="1.03" state="843600 2 5.10 0 1199600" pos="276.25" speed="6.00" posLat="0.00"/>
    <vehicle id="idm_highway_inflow_00.481" type="human" depart="845.64" departLane="free" departSpeed="24.10" route="routehighway_0_0" speedFactor="1.04" state="845600 2 5.10 0 1199600" pos="263.43" speed="5.98" posLat="0.00"/>
    <vehicle id="idm_highway_inflow_00.482" type="human" depart="847.39" departLane="free" departSpeed="24.10" route="routehighway_0_0" speedFactor="1.08" state="847200 2 5.10 0 1199600" pos="250.29" speed="5.96" posLat="0.00"/>
    <vehicle id="idm_highway_inflow_00.483" type="human" depart="849.15" departLane="free" departSpeed="24.10" route="routehighway_0_0" speedFactor="0.99" state="848800 2 5.10 0 1199600" pos="237.19" speed="5.89" posLat="0.00"/>
    <vehicle id="idm_highway_inflow_00.484" type="human" depart="850.90" departLane="free" departSpeed="24.10" route="routehighway_0_0" speedFactor="0.98" state="850800 2 5.10 0 1199600" pos="224.22" speed="5.89" posLat="0.00"/>
    <vehicle id="idm_highway_inflow_00.485" type="human" depart="852.66" departLane="free" departSpeed="24.10" route="routehighway_0_0" speedFactor="1.08" state="852400 2 5.10 0 1199600" pos="211.00" speed="5.87" posLat="0.00"/>
    <vehicle id="idm_highway_inflow_00.486" type="human" depart="854.42" departLane="free" departSpeed="24.10" route="routehighway_0_0" speedFactor="1.24" state="854400 2 5.10 0 1199600" pos="197.88" speed="5.84" posLat="0.00"/>
    <vehicle id="idm_highway_inflow_00.487" type="human" depart="856.17" departLane="free" departSpeed="24.10" route="routehighway_0_0" speedFactor="1.06" state="856000 2 5.10 0 1199600" pos="184.57" speed="6.00" posLat="0.00"/>
    <vehicle id="idm_highway_inflow_00.488" type="human" depart="857.93" departLane="free" departSpeed="24.10" route="routehighway_0_0" speedFactor="1.09" state="857600 2 5.10 0 1199600" pos="171.61" speed="5.89" posLat="0.00"/>
    <vehicle id="idm_highway_inflow_00.489" type="human" depart="859.68" departLane="free" departSpeed="24.10" route="routehighway_0_0" speedFactor="0.94" state="859600 2 5.10 0 1199600" pos="158.81" speed="5.83" posLat="0.00"/>
    <vehicle id="idm_highway_inflow_00.490" type="human" depart="861.44" departLane="free" departSpeed="24.10" route="routehighway_0_0" speedFactor="1.08" state="861200 2 5.10 0 1199600" pos="146.04" speed="5.83" posLat="0.00"/>
    <vehicle id="idm_highway_inflow_00.491" type="human" depart="863.20" departLane="free" departSpeed="24.10" route="routehighway_0_0" speedFactor="1.04" state="862800 2 5.10 0 1199600" pos="133.12" speed="5.90" posLat="0.00"/>
    <vehicle id="idm_highway_inflow_00.492" type="human" depart="864.95" departLane="free" departSpeed="24.10" route="routehighway_0_0" speedFactor="1.16" state="864800 2 5.10 0 1199600" pos="120.12" speed="5.90" posLat="0.00"/>
    <vehicle id="idm_highway_inflow_00.493" type="human" depart="866.71" departLane="free" departSpeed="24.10" route="routehighway_0_0" speedFactor="1.13" state="866400 2 5.10 0 1199600" pos="107.10" speed="5.82" posLat="0.00"/>
    <vehicle id="idm_highway_inflow_00.494" type="human" depart="868.46" departLane="free" departSpeed="24.10" route="routehighway_0_0" speedFactor="1.18" state="868400 2 5.10 0 1199600" pos="94.07" speed="5.89" posLat="0.00"/>
    <vehicle id="idm_highway_inflow_00.495" type="human" depart="870.22" departLane="free" departSpeed="24.10" route="routehighway_0_0" speedFactor="0.85" state="870000 2 5.10 0 1199600" pos="80.87" speed="5.99" posLat="0.00"/>
    <vehicle id="idm_highway_inflow_00.496" type="human" depart="871.98" departLane="free" departSpeed="24.10" route="routehighway_0_0" speedFactor="1.11" state="871600 2 5.10 0 1199600" pos="67.81" speed="5.96" posLat="0.00"/>
    <vehicle id="idm_highway_inflow_00.497" type="human" depart="873.73" departLane="free" departSpeed="24.10" route="routehighway_0_0" speedFactor="0.93" state="873600 2 5.10 0 1199600" pos="54.56" speed="6.00" posLat="0.00"/>
    <vehicle id="idm_highway_inflow_00.498" type="human" depart="875.49" departLane="free" departSpeed="24.10" route="routehighway_0_0" speedFactor="1.17" state="875200 2 5.10 0 1199600" pos="41.37" speed="6.00" posLat="0.00"/>
    <vehicle id="idm_highway_inflow_00.499" type="human" depart="877.24" departLane="free" departSpeed="24.10" route="routehighway_0_0" speedFactor="1.24" state="877200 2 5.10 0 1199600" pos="28.33" speed="5.97" posLat="0.00"/>
    <vehicle id="idm_highway_inflow_00.500" type="human" depart="879.00" departLane="free" departSpeed="24.10" route="routehighway_0_0" speedFactor="1.07" state="878800 2 5.10 0 1199600" pos="15.44" speed="6.00" posLat="0.00"/>
    <vehicle id="idm_highway_inflow_00.501" type="human" depart="880.76" departLane="free" departSpeed="24.10" route="routehighway_0_0" speedFactor="0.92" state="880400 2 5.10 0 1199600" pos="2.51" speed="5.99" posLat="0.00"/>
    <vehicle id="idm_highway_inflow_00.502" type="human" depart="882.51" departLane="free" departSpeed="24.10" route="routehighway_0_0" speedFactor="0.93" state="882400 1 5.10 0 1199600" pos="1239.65" speed="5.99" posLat="0.00"/>
    <vehicle id="idm_highway_inflow_00.503" type="human" depart="884.27" departLane="free" departSpeed="24.10" route="routehighway_0_0" speedFactor="0.96" state="884000 1 5.10 0 1199600" pos="1226.19" speed="5.95" posLat="0.00"/>
    <vehicle id="idm_highway_inflow_00.504" type="human" depart="886.02" departLane="free" departSpeed="24.10" route="routehighway_0_0" speedFactor="1.11" state="886000 1 5.10 0 1199600" pos="1213.12" speed="6.22" posLat="0.00"/>
    <vehicle id="idm_highway_inflow_00.505" type="human" depart="887.78" departLane="free" departSpeed="24.10" route="routehighway_0_0" speedFactor="1.02" state="887600 1 5.10 0 1199600" pos="1199.56" speed="5.83" posLat="0.00"/>
    <vehicle id="idm_highway_inflow_00.506" type="human" depart="889.54" departLane="free" departSpeed="24.10" route="routehighway_0_0" speedFactor="1.01" state="889200 1 5.10 0 1199600" pos="1187.03" speed="5.43" posLat="0.00"/>
    <vehicle id="idm_highway_inflow_00.507" type="human" depart="891.29" departLane="free" departSpeed="24.10" route="routehighway_0_0" speedFactor="0.94" state="891200 1 5.10 0 1199600" pos="1174.39" speed="5.56" posLat="0.00"/>
    <vehicle id="idm_highway_inflow_00.508" type="human" depart="893.05" departLane="free" departSpeed="24.10" route="routehighway_0_0" speedFactor="1.05" state="892800 1 5.10 0 1199600" pos="1161.97" speed="5.47" posLat="0.00"/>
    <vehicle id="idm_highway_inflow_00.509" type="human" depart="894.80" departLane="free" departSpeed="24.10" route="routehighway_0_0" speedFactor="1.12" state="894800 1 5.10 0 1199600" pos="1149.52" speed="5.53" posLat="0.00"/>
    <vehicle id="idm_highway_inflow_00.510" type="human" depart="896.56" departLane="free" departSpeed="24.10" route="routehighway_0_0" speedFactor="1.01" state="896400 1 5.10 0 1199600" pos="1136.87" speed="5.39" posLat="0.00"/>
    <vehicle id="idm_highway_inflow_00.511" type="human" depart="898.32" departLane="free" departSpeed="24.10" route="routehighway_0_0" speedFactor="1.01" state="898000 1 5.10 0 1199600" pos="1124.16" speed="5.69" posLat="0.00"/>
    <vehicle id="idm_highway_inflow_00.512" type="human" depart="900.07" departLane="free" departSpeed="24.10" route="routehighway_0_0" speedFactor="1.09" state="900000 1 5.10 0 1199600" pos="1111.39" speed="5.75" posLat="0.00"/>
    <vehicle id="idm_highway_inflow_00.513" type="human" depart="901.83" departLane="free" departSpeed="24.10" route="routehighway_0_0" speedFactor="1.07" state="901600 1 5.10 0 1199600" pos="1098.32" speed="5.98" posLat="0.00"/>
    <vehicle id="idm_highway_inflow_00.514" type="human" depart="903.58" departLane="free" departSpeed="24.10" route="routehighway_0_0" speedFactor="1.08" state="903200 1 5.10 0 1199600" pos="1085.15" speed="6.05" posLat="0.00"/>
    <vehicle id="idm_highway_inflow_00.515" type="human" depart="905.34" departLane="free" departSpeed="24.10" route="routehighway_0_0" speedFactor="0.91" state="905200 1 5.10 0 1199600" pos="1072.18" speed="5.85" posLat="0.00"/>
    <vehicle id="idm_highway_inflow_00.516" type="human" depart="907.10" departLane="free" departSpeed="24.10" route="routehighway_0_0" speedFactor="0.91" state="906800 1 5.10 0 1199600" pos="1059.65" speed="5.50" posLat="0.00"/>
    <vehicle id="idm_highway_inflow_00.517" type="human" depart="908.85" departLane="free" departSpeed="24.10" route="routehighway_0_0" speedFactor="0.92" state="908800 1 5.10 0 1199600" pos="1047.18" speed="5.22" posLat="0.00"/>
    <vehicle id="idm_highway_inflow_00.518" type="human" depart="910.61" departLane="free" departSpeed="24.10" route="routehighway_0_0" speedFactor="1.03" state="910400 1 5.10 0 1199600" pos="1035.17" speed="5.47" posLat="0.00"/>
    <vehicle id="idm_highway_inflow_00.519" type="human" depart="912.36" departLane="free" departSpeed="24.10" route="routehighway_0_0" speedFactor="1.05" state="912000 1 5.10 0 1199600" pos="1022.64" speed="5.79" posLat="0.00"/>
    <vehicle id="idm_highway_inflow_00.520" type="human" depart="914.12" departLane="free" departSpeed="24.10" route="routehighway_0_0" speedFactor="1.03" state="914000 1 5.10 0 1199600" pos="1010.02" speed="5.97" posLat="0.00"/>
    <vehicle id="idm_highway_inflow_00.521" type="human" depart="915.88" departLane="free" departSpeed="24.10" route="routehighway_0_0" speedFactor="1.11" state="915600 1 5.10 0 1199600" pos="996.37" speed="6.49" posLat="0.00"/>
    <vehicle id="idm_highway_inflow_00.522" type="human" depart="917.63" departLane="free" departSpeed="24.10" route="routehighway_0_0" speedFactor="0.86" state="917600 1 5.10 0 1199600" pos="982.98" speed="6.73" posLat="0.00"/>
    <vehicle id="idm_highway_inflow_00.523" type="human" depart="919.39" departLane="free" departSpeed="24.10" route="routehighway_0_0" speedFactor="0.98" state="919200 1 5.10 0 1199600" pos="968.66" speed="6.86" posLat="0.00"/>
    <vehicle id="idm_highway_inflow_00.524" type="human" depart="921.14" departLane="free" departSpeed="24.10" route="routehighway_0_0" speedFactor="0.97" state="920800 1 5.10 0 1199600" pos="955.05" speed="6.71" posLat="0.00"/>
    <vehicle id="idm_highway_inflow_00.525" type="human" depart="922.90" departLane="free" departSpeed="24.10" route="routehighway_0_0" speedFactor="1.02" state="922800 1 5.10 0 1199600" pos="941.13" speed="6.43" posLat="0.00"/>
    <vehicle id="idm_highway_inflow_00.526" type="human" depart="924.66" departLane="free" departSpeed="24.10" route="routehighway_0_0" speedFactor="0.99" state="924400 1 5.10 0 1199600" pos="927.53" speed="5.91" posLat="0.00"/>
    <vehicle id="idm_highway_inflow_00.527" type="human" depart="926.41" departLane="free" departSpeed="24.10" route="routehighway_0_0" speedFactor="1.01" state="926400 1 5.10 0 1199600" pos="914.98" speed="5.72" posLat="0.00"/>
    <vehicle id="idm_highway_inflow_00.528" type="human" depart="928.17" departLane="free" departSpeed="24.10" route="routehighway_0_0" speedFactor="1.02" state="928000 1 5.10 0 1199600" pos="902.49" speed="5.56" posLat="0.00"/>
    <vehicle id="idm_highway_inflow_00.529" type="human" depart="929.92" departLane="free" departSpeed="24.10" route="routehighway_0_0" speedFactor="0.99" state="929600 1 5.10 0 1199600" pos="890.35" speed="5.38" posLat="0.00"/>
    <vehicle id="idm_highway_inflow_00.530" type="human" depart="931.68" departLane="free" departSpeed="24.10" route="routehighway_0_0" speedFactor="1.21" state="931600 1 5.10 0 1199600" pos="878.10" speed="5.45" posLat="0.00"/>
    <vehicle id="idm_highway_inflow_00.531" type="human" depart="933.44" departLane="free" departSpeed="24.10" route="routehighway_0_0" speedFactor="1.02" state="933200 1 5.10 0 1199600" pos="865.60" speed="5.65" posLat="0.00"/>
    <vehicle id="idm_highway_inflow_00.532" type="human" depart="935.19" departLane="free" departSpeed="24.10" route="routehighway_0_0" speedFactor="0.97" state="934800 1 5.10 0 1199600" pos="852.90" speed="6.13" posLat="0.00"/>
    <vehicle id="idm_highway_inflow_00.533" type="human" depart="936.95" departLane="free" departSpeed="24.10" route="routehighway_0_0" speedFactor="0.99" state="936800 1 5.10 0 1199600" pos="839.06" speed="6.74" posLat="0.00"/>
    <vehicle id="idm_highway_inflow_00.534" type="human" depart="938.70" departLane="free" departSpeed="24.10" route="routehighway_0_0" speedFactor="1.04" state="938400 1 5.10 0 1199600" pos="823.70" speed="7.19" posLat="0.00"/>
    <vehicle id="idm_highway_inflow_00.535" type="human" depart="940.46" departLane="free" departSpeed="24.10" route="routehighway_0_0" speedFactor="0.86" state="940400 1 5.10 0 1199600" pos="809.42" speed="7.03" posLat="0.00"/>
    <vehicle id="idm_highway_inflow_00.536" type="human" depart="942.22" departLane="free" departSpeed="24.10" route="routehighway_0_0" speedFactor="0.95" state="942000 1 5.10 0 1199600" pos="795.19" speed="6.72" posLat="0.00"/>
    <vehicle id="idm_highway_inflow_00.537" type="human" depart="943.97" departLane="free" departSpeed="24.10" route="routehighway_0_0" speedFactor="0.85" state="943600 1 5.10 0 1199600" pos="781.58" speed="5.98" posLat="0.00"/>
    <vehicle id="idm_highway_inflow_00.538" type="human" depart="945.73" departLane="free" departSpeed="24.10" route="routehighway_0_0" speedFactor="0.93" state="945600 1 5.10 0 1199600" pos="768.36" speed="5.64" posLat="0.00"/>
    <vehicle id="idm_highway_inflow_00.539" type="human" depart="947.48" departLane="free" departSpeed="24.10" route="routehighway_0_0" speedFactor="1.10" state="947200 1 5.10 0 1199600" pos="756.11" speed="5.08" posLat="0.00"/>
    <vehicle id="idm_highway_inflow_00.540" type="human" depart="949.24" departLane="free" departSpeed="24.10" route="routehighway_0_0" speedFactor="1.17" state="949200 1 5.10 0 1199600" pos="744.48" speed="4.86" posLat="0.00"/>
    <vehicle id="idm_highway_inflow_00.541" type="human" depart="951.00" departLane="free" departSpeed="24.10" route="routehighway_0_0" speedFactor="1.12" state="950800 1 5.10 0 1199600" pos="732.53" speed="4.85" posLat="0.00"/>
    <vehicle id="idm_highway_inflow_00.542" type="human" depart="952.75" departLane="free" departSpeed="24.10" route="routehighway_0_0" speedFactor="1.02" state="952400 1 5.10 0 1199600" pos="720.68" speed="4.95" posLat="0.00"/>
    <vehicle id="idm_highway_inflow_00.543" type="human" depart="954.51" departLane="free" departSpeed="24.10" route="routehighway_0_0" speedFactor="0.90" state="954400 1 5.10 0 1199600" pos="708.16" speed="5.91" posLat="0.00"/>
    <vehicle id="idm_highway_inflow_00.544" type="human" depart="956.26" departLane="free" departSpeed="24.10" route="routehighway_0_0" speedFactor="1.01" state="956000 1 5.10 0 1199600" pos="694.31" speed="7.09" posLat="0.00"/>
    <vehicle id="idm_highway_inflow_00.545" type="human" depart="958.02" departLane="free" departSpeed="24.10" route="routehighway_0_0" speedFactor="1.04" state="958000 1 5.10 0 1199600" pos="678.65" speed="8.36" posLat="0.00"/>
    <vehicle id="idm_highway_inflow_00.546" type="human" depart="959.78" departLane="free" departSpeed="24.10" route="routehighway_0_0" speedFactor="0.98" state="959600 1 5.10 0 1199600" pos="660.54" speed="8.89" posLat="0.00"/>
    <vehicle id="idm_highway_inflow_00.547" type="human" depart="961.53" departLane="free" departSpeed="24.10" route="routehighway_0_0" speedFactor="1.00" state="961200 1 5.10 0 1199600" pos="643.23" speed="8.39" posLat="0.00"/>
    <vehicle id="idm_highway_inflow_00.548" type="human" depart="963.29" departLane="free" departSpeed="24.10" route="routehighway_0_0" speedFactor="1.17" state="963200 1 5.10 0 1199600" pos="627.56" speed="7.70" posLat="0.00"/>
    <vehicle id="idm_highway_inflow_00.549" type="human" depart="965.04" departLane="free" departSpeed="24.10" route="routehighway_0_0" speedFactor="0.96" state="964800 1 5.10 0 1199600" pos="612.64" speed="6.52" posLat="0.00"/>
    <vehicle id="idm_highway_inflow_00.550" type="human" depart="966.80" departLane="free" departSpeed="24.10" route="routehighway_0_0" speedFactor="0.97" state="966800 1 5.10 0 1199600" pos="598.80" speed="6.04" posLat="0.00"/>
    <vehicle id="idm_highway_inflow_00.551" type="human" depart="968.56" departLane="free" departSpeed="24.10" route="routehighway_0_0" speedFactor="0.89" state="968400 1 5.10 0 1199600" pos="585.99" speed="5.29" posLat="0.00"/>
    <vehicle id="idm_highway_inflow_00.552" type="human" depart="970.31" departLane="free" departSpeed="24.10" route="routehighway_0_0" speedFactor="1.02" state="970000 1 5.10 0 1199600" pos="574.29" speed="4.53" posLat="0.00"/>
    <vehicle id="idm_highway_inflow_00.553" type="human" depart="972.07" departLane="free" departSpeed="24.10" route="routehighway_0_0" speedFactor="0.84" state="972000 1 5.10 0 1199600" pos="562.75" speed="4.27" posLat="0.00"/>
    <vehicle id="idm_highway_inflow_00.554" type="human" depart="973.82" departLane="free" departSpeed="24.10" route="routehighway_0_0" speedFactor="0.90" state="973600 1 5.10 0 1199600" pos="551.51" speed="4.07" posLat="0.00"/>
    <vehicle id="idm_highway_inflow_00.555" type="human" depart="975.58" departLane="free" departSpeed="24.10" route="routehighway_0_0" speedFactor="1.13" state="975200 1 5.10 0 1199600" pos="540.68" speed="3.98" posLat="0.00"/>
    <vehicle id="idm_highway_inflow_00.556" type="human" depart="977.34" departLane="free" departSpeed="24.10" route="routehighway_0_0" speedFactor="1.00" state="977200 1 5.10 0 1199600" pos="529.85" speed="3.92" posLat="0.00"/>
    <vehicle id="idm_highway_inflow_00.557" type="human" depart="979.09" departLane="free" departSpeed="24.10" route="routehighway_0_0" speedFactor="0.96" state="978800 1 5.10 0 1199600" pos="518.78" speed="4.28" posLat="0.00"/>
    <vehicle id="idm_highway_inflow_00.558" type="human" depart="980.85" departLane="free" departSpeed="24.10" route="routehighway_0_0" speedFactor="0.99" state="980800 1 5.10 0 1199600" pos="507.27" speed="4.83" posLat="0.00"/>
    <vehicle id="idm_highway_inflow_00.559" type="human" depart="982.60" departLane="free" departSpeed="24.10" route="routehighway_0_0" speedFactor="0.93" state="982400 1 5.10 0 1199600" pos="495.22" speed="4.97" posLat="0.00"/>
    <vehicle id="idm_highway_inflow_00.560" type="human" depart="984.36" departLane="free" departSpeed="24.10" route="routehighway_0_0" speedFactor="1.13" state="984000 1 5.10 0 1199600" pos="483.39" speed="5.23" posLat="0.00"/>
    <vehicle id="idm_highway_inflow_00.561" type="human" depart="986.12" departLane="free" departSpeed="24.10" route="routehighway_0_0" speedFactor="0.95" state="986000 1 5.10 0 1199600" pos="471.35" speed="5.32" posLat="0.00"/>
    <vehicle id="idm_highway_inflow_00.562" type="human" depart="987.87" departLane="free" departSpeed="24.10" route="routehighway_0_0" speedFactor="0.99" state="987600 1 5.10 0 1199600" pos="459.04" speed="5.43" posLat="0.00"/>
    <vehicle id="idm_highway_inflow_00.563" type="human" depart="989.63" departLane="free" departSpeed="24.10" route="routehighway_0_0" speedFactor="1.00" state="989600 1 5.10 0 1199600" pos="446.21" speed="5.99" posLat="0.00"/>
    <vehicle id="idm_highway_inflow_00.564" type="human" depart="991.38" departLane="free" departSpeed="24.10" route="routehighway_0_0" speedFactor="0.83" state="991200 1 5.10 0 1199600" pos="432.92" speed="6.61" posLat="0.00"/>
    <vehicle id="idm_highway_inflow_00.565" type="human" depart="993.14" departLane="free" departSpeed="24.10" route="routehighway_0_0" speedFactor="0.98" state="992800 1 5.10 0 1199600" pos="417.57" speed="8.24" posLat="0.00"/>
    <vehicle id="idm_highway_inflow_00.566" type="human" depart="994.90" departLane="free" departSpeed="24.10" route="routehighway_0_0" speedFactor="0.93" state="994800 1 5.10 0 1199600" pos="400.06" speed="9.90" posLat="0.00"/>
    <vehicle id="idm_highway_inflow_00.567" type="human" depart="996.65" departLane="free" departSpeed="24.10" route="routehighway_0_0" speedFactor="1.07" state="996400 1 5.10 0 1199600" pos="380.03" speed="11.74" posLat="0.00"/>
    <vehicle id="idm_highway_inflow_00.568" type="human" depart="998.41" departLane="free" departSpeed="24.10" route="routehighway_0_0" speedFactor="0.86" state="998400 1 5.10 0 1199600" pos="357.72" speed="12.36" posLat="0.00"/>
    <vehicle id="idm_highway_inflow_00.569" type="human" depart="1000.16" departLane="free" departSpeed="24.10" route="routehighway_0_0" speedFactor="0.86" state="1000000 1 5.10 0 1199600" pos="336.10" speed="11.17" posLat="0.00"/>
    <vehicle id="idm_highway_inflow_00.570" type="human" depart="1001.92" departLane="free" departSpeed="24.10" route="routehighway_0_0" speedFactor="1.24" state="1001600 1 5.10 0 1199600" pos="316.95" speed="9.97" posLat="0.00"/>
    <vehicle id="idm_highway_inflow_00.571" type="human" depart="1003.68" departLane="free" departSpeed="24.10" route="routehighway_0_0" speedFactor="1.03" state="1003600 1 5.10 0 1199600" pos="299.24" speed="8.84" posLat="0.00"/>
    <vehicle id="idm_highway_inflow_00.572" type="human" depart="1005.43" departLane="free" departSpeed="24.10" route="routehighway_0_0" speedFactor="1.06" state="1005200 1 5.10 0 1199600" pos="283.21" speed="7.55" posLat="0.00"/>
    <vehicle id="idm_highway_inflow_00.573" type="human" depart="1007.19" departLane="free" departSpeed="24.10" route="routehighway_0_0" speedFactor="0.93" state="1006800 1 5.10 0 1199600" pos="268.96" speed="6.82" posLat="0.00"/>
    <vehicle id="idm_highway_inflow_00.574" type="human" depart="1008.94" departLane="free" departSpeed="24.10" route="routehighway_0_0" speedFactor="0.90" state="1008800 1 5.10 0 1199600" pos="255.11" speed="6.23" posLat="0.00"/>
    <vehicle id="idm_highway_inflow_00.575" type="human" depart="1010.70" departLane="free" departSpeed="24.10" route="routehighway_0_0" speedFactor="0.97" state="1010400 1 5.10 0 1199600" pos="241.99" speed="5.43" posLat="0.00"/>
    <vehicle id="idm_highway_inflow_00.576" type="human" depart="1012.46" departLane="free" departSpeed="24.10" route="routehighway_0_0" speedFactor="1.02" state="1012400 1 5.10 0 1199600" pos="230.05" speed="4.84" posLat="0.00"/>
    <vehicle id="idm_highway_inflow_00.577" type="human" depart="1014.21" departLane="free" departSpeed="24.10" route="routehighway_0_0" speedFactor="0.97" state="1014000 1 5.10 0 1199600" pos="218.23" speed="4.86" posLat="0.00"/>
    <vehicle id="idm_highway_inflow_00.578" type="human" depart="1015.97" departLane="free" departSpeed="24.10" route="routehighway_0_0" speedFactor="0.98" state="1015600 1 5.10 0 1199600" pos="205.53" speed="5.80" posLat="0.00"/>
    <vehicle id="idm_highway_inflow_00.579" type="human" depart="1017.72" departLane="free" departSpeed="24.10" route="routehighway_0_0" speedFactor="0.93" state="1017600 1 5.10 0 1199600" pos="190.91" speed="7.57" posLat="0.00"/>
    <vehicle id="idm_highway_inflow_00.580" type="human" depart="1019.48" departLane="free" departSpeed="24.10" route="routehighway_0_0" speedFactor="0.95" state="1019200 1 5.10 0 1199600" pos="171.42" speed="10.45" posLat="0.00"/>
    <vehicle id="idm_highway_inflow_00.581" type="human" depart="1021.24" departLane="free" departSpeed="24.10" route="routehighway_0_0" speedFactor="0.98" state="1021200 1 5.10 0 1199600" pos="146.51" speed="13.99" posLat="0.00"/>
    <vehicle id="idm_highway_inflow_00.582" type="human" depart="1022.99" departLane="free" departSpeed="24.10" route="routehighway_0_0" speedFactor="0.92" state="1022800 1 5.10 0 1199600" pos="116.09" speed="16.87" posLat="0.00"/>
    <vehicle id="idm_highway_inflow_00.583" type="human" depart="1024.75" departLane="free" departSpeed="24.10" route="routehighway_0_0" speedFactor="1.07" state="1024400 1 5.10 0 1199600" pos="84.27" speed="17.18" posLat="0.00"/>
    <vehicle id="idm_highway_inflow_00.584" type="human" depart="1026.50" departLane="free" departSpeed="24.10" route="routehighway_0_0" speedFactor="1.12" state="1026400 1 5.10 0 1199600" pos="54.33" speed="15.94" posLat="0.00"/>
    <vehicle id="idm_highway_inflow_00.585" type="human" depart="1028.26" departLane="free" departSpeed="24.10" route="routehighway_0_0" speedFactor="1.00" state="1028000 1 5.10 0 1199600" pos="25.67" speed="14.43" posLat="0.00"/>
    <vehicle id="idm_highway_inflow_00.586" type="human" depart="1030.02" departLane="free" departSpeed="24.10" route="routehighway_0_0" speedFactor="1.09" state="1030000 1 5.10 0 1199600" pos="1.47" speed="13.06" posLat="0.00"/>
    <vehicle id="idm_highway_inflow_00.587" type="human" depart="1031.77" departLane="free" departSpeed="24.10" route="routehighway_0_0" speedFactor="1.01" state="1031600 0 5.10 0 1199600" pos="1227.78" speed="11.65" posLat="0.00"/>
    <vehicle id="idm_highway_inflow_00.588" type="human" depart="1033.53" departLane="free" departSpeed="24.10" route="routehighway_0_0" speedFactor="0.95" state="1033200 0 5.10 0 1199600" pos="1205.58" speed="10.41" posLat="0.00"/>
    <vehicle id="idm_highway_inflow_00.589" type="human" depart="1035.28" departLane="free" departSpeed="24.10" route="routehighway_0_0" speedFactor="0.93" state="1035200 0 5.10 0 1199600" pos="1185.11" speed="8.97" posLat="0.00"/>
    <vehicle id="idm_highway_inflow_00.590" type="human" depart="1037.04" departLane="free" departSpeed="24.10" route="routehighway_0_0" speedFactor="1.06" state="1036800 0 5.10 0 1199600" pos="1166.74" speed="7.56" posLat="0.00"/>
    <vehicle id="idm_highway_inflow_00.591" type="human" depart="1038.80" departLane="free" departSpeed="24.10" route="routehighway_0_0" speedFactor="1.06" state="1038400 0 5.10 0 1199600" pos="1150.83" speed="6.21" posLat="0.00"/>
    <vehicle id="idm_highway_inflow_00.592" type="human" depart="1040.55" departLane="free" departSpeed="24.10" route="routehighway_0_0" speedFactor="1.25" state="1040400 0 5.10 0 1199600" pos="1136.03" speed="4.56" posLat="0.00"/>
    <vehicle id="idm_highway_inflow_00.593" type="human" depart="1042.31" departLane="free" departSpeed="24.10" route="routehighway_0_0" speedFactor="1.06" state="1042000 0 5.10 0 1199600" pos="1123.82" speed="3.59" posLat="0.00"/>
    <vehicle id="idm_highway_inflow_00.594" type="human" depart="1044.06" departLane="free" departSpeed="24.10" route="routehighway_0_0" speedFactor="1.05" state="1044000 0 5.10 0 1199600" pos="1112.74" speed="2.41" posLat="0.00"/>
    <vehicle id="idm_highway_inflow_00.595" type="human" depart="1045.82" departLane="free" departSpeed="24.10" route="routehighway_0_0" speedFactor="1.12" state="1045600 0 5.10 0 1199600" pos="1103.45" speed="1.26" posLat="0.00"/>
    <vehicle id="idm_highway_inflow_00.596" type="human" depart="1047.58" departLane="free" departSpeed="24.10" route="routehighway_0_0" speedFactor="0.97" state="1047200 0 5.10 0 1199600" pos="1095.41" speed="0.35" posLat="0.00"/>
    <vehicle id="idm_highway_inflow_00.597" type="human" depart="1049.33" departLane="free" departSpeed="24.10" route="routehighway_0_0" speedFactor="0.93" state="1049200 0 5.10 6400 1199600" pos="1088.24" speed="0.00" posLat="0.00"/>
    <vehicle id="idm_highway_inflow_00.598" type="human" depart="1051.09" departLane="free" departSpeed="24.10" route="routehighway_0_0" speedFactor="1.11" state="1050800 0 5.10 5600 1199600" pos="1081.34" speed="0.00" posLat="0.00"/>
    <vehicle id="idm_highway_inflow_00.599" type="human" depart="1052.84" departLane="free" departSpeed="24.10" route="routehighway_0_0" speedFactor="0.87" state="1052800 0 5.10 3600 1199600" pos="1074.49" speed="0.00" posLat="0.00"/>
    <vehicle id="idm_highway_inflow_00.600" type="human" depart="1054.60" departLane="free" departSpeed="24.10" route="routehighway_0_0" speedFactor="1.00" state="1055200 0 5.10 2400 1199600" pos="1067.66" speed="0.03" posLat="0.00"/>
    <vehicle id="idm_highway_inflow_00.601" type="human" depart="1056.36" departLane="free" departSpeed="24.10" route="routehighway_0_0" speedFactor="0.99" state="1057600 0 5.10 1200 1199600" pos="1060.77" speed="0.00" posLat="0.00"/>
    <vehicle id="idm_highway_inflow_00.602" type="human" depart="1058.11" departLane="free" departSpeed="24.10" route="routehighway_0_0" speedFactor="1.05" state="1060400 0 5.10 400 1199600" pos="1053.93" speed="0.01" posLat="0.00"/>
    <vehicle id="idm_highway_inflow_00.603" type="human" depart="1059.87" departLane="free" departSpeed="24.10" route="routehighway_0_0" speedFactor="1.00" state="1064800 0 5.10 0 1199600" pos="1046.42" speed="0.99" posLat="0.00"/>
    <vehicle id="idm_highway_inflow_00.604" type="human" depart="1061.62" departLane="free" departSpeed="24.10" route="routehighway_0_0" speedFactor="0.90" state="1071600 0 5.10 0 1199600" pos="1037.69" speed="2.34" posLat="0.00"/>
    <vehicle id="idm_highway_inflow_00.605" type="human" depart="1063.38" departLane="free" departSpeed="24.10" route="routehighway_0_0" speedFactor="0.92" state="1084800 0 5.10 0 1199600" pos="1026.89" speed="4.17" posLat="0.00"/>
    <vehicle id="idm_highway_inflow_00.606" type="human" depart="1065.14" departLane="free" departSpeed="24.10" route="routehighway_0_0" speedFactor="0.95" state="1089600 0 5.10 0 1199600" pos="1013.78" speed="6.43" posLat="0.00"/>
    <vehicle id="idm_highway_inflow_00.607" type="human" depart="1066.89" departLane="free" departSpeed="24.10" route="routehighway_0_0" speedFactor="0.94" state="1092400 0 5.10 0 1199600" pos="997.82" speed="8.95" posLat="0.00"/>
    <vehicle id="idm_highway_inflow_00.608" type="human" depart="1068.65" departLane="free" departSpeed="24.10" route="routehighway_0_0" speedFactor="0.93" state="1094400 0 5.10 0 1199600" pos="978.20" speed="11.53" posLat="0.00"/>
    <vehicle id="idm_highway_inflow_00.609" type="human" depart="1070.40" departLane="free" departSpeed="24.10" route="routehighway_0_0" speedFactor="1.06" state="1096400 0 5.10 0 1199600" pos="956.69" speed="13.10" posLat="0.00"/>
    <vehicle id="idm_highway_inflow_00.610" type="human" depart="1072.16" departLane="free" departSpeed="24.10" route="routehighway_0_0" speedFactor="1.05" state="1098000 0 5.10 0 1199600" pos="934.53" speed="13.24" posLat="0.00"/>
    <vehicle id="idm_highway_inflow_00.611" type="human" depart="1073.92" departLane="free" departSpeed="24.10" route="routehighway_0_0" speedFactor="1.13" state="1099600 0 5.10 0 1199600" pos="913.47" speed="12.57" posLat="0.00"/>
    <vehicle id="idm_highway_inflow_00.612" type="human" depart="1075.67" departLane="free" departSpeed="24.10" route="routehighway_0_0" speedFactor="1.02" state="1101200 0 5.10 0 1199600" pos="892.95" speed="11.65" posLat="0.00"/>
    <vehicle id="idm_highway_inflow_00.613" type="human" depart="1077.43" departLane="free" departSpeed="24.10" route="routehighway_0_0" speedFactor="0.96" state="1103200 0 5.10 0 1199600" pos="874.60" speed="10.54" posLat="0.00"/>
    <vehicle id="idm_highway_inflow_00.614" type="human" depart="1079.18" departLane="free" departSpeed="24.10" route="routehighway_0_0" speedFactor="1.14" state="1104800 0 5.10 0 1199600" pos="857.31" speed="10.09" posLat="0.00"/>
    <vehicle id="idm_highway_inflow_00.615" type="human" depart="1080.94" departLane="free" departSpeed="24.10" route="routehighway_0_0" speedFactor="1.00" state="1106400 0 5.10 0 1199600" pos="840.26" speed="9.98" posLat="0.00"/>
    <vehicle id="idm_highway_inflow_00.616" type="human" depart="1082.70" departLane="free" departSpeed="24.10" route="routehighway_0_0" speedFactor="1.01" state="1108000 0 5.10 0 1199600" pos="822.88" speed="9.96" posLat="0.00"/>
    <vehicle id="idm_highway_inflow_00.617" type="human" depart="1084.45" departLane="free" departSpeed="24.10" route="routehighway_0_0" speedFactor="1.11" state="1109600 0 5.10 0 1199600" pos="805.35" speed="10.42" posLat="0.00"/>
    <vehicle id="idm_highway_inflow_00.618" type="human" depart="1086.21" departLane="free" departSpeed="24.10" route="routehighway_0_0" speedFactor="1.00" state="1111200 0 5.10 0 1199600" pos="785.52" speed="12.03" posLat="0.00"/>
    <vehicle id="idm_highway_inflow_00.619" type="human" depart="1087.96" departLane="free" departSpeed="24.10" route="routehighway_0_0" speedFactor="0.90" state="1112800 0 5.10 0 1199600" pos="763.43" speed="13.56" posLat="0.00"/>
    <vehicle id="idm_highway_inflow_00.620" type="human" depart="1089.72" departLane="free" departSpeed="24.10" route="routehighway_0_0" speedFactor="1.18" state="1114400 0 5.10 0 1199600" pos="738.04" speed="15.88" posLat="0.00"/>
    <vehicle id="idm_highway_inflow_00.621" type="human" depart="1091.48" departLane="free" departSpeed="24.10" route="routehighway_0_0" speedFactor="1.02" state="1116000 0 5.10 0 1199600" pos="709.54" speed="17.99" posLat="0.00"/>
    <vehicle id="idm_highway_inflow_00.622" type="human" depart="1093.23" departLane="free" departSpeed="24.10" route="routehighway_0_0" speedFactor="1.02" state="1117600 0 5.10 0 1199600" pos="678.72" speed="19.61" posLat="0.00"/>
    <vehicle id="idm_highway_inflow_00.623" type="human" depart="1094.99" departLane="free" departSpeed="24.10" route="routehighway_0_0" speedFactor="1.13" state="1119200 0 5.10 0 1199600" pos="645.02" speed="20.05" posLat="0.00"/>
    <vehicle id="idm_highway_inflow_00.624" type="human" depart="1096.74" departLane="free" departSpeed="24.10" route="routehighway_0_0" speedFactor="1.10" state="1120800 0 5.10 0 1199600" pos="610.87" speed="19.40" posLat="0.00"/>
    <vehicle id="idm_highway_inflow_00.625" type="human" depart="1098.50" departLane="free" departSpeed="24.10" route="routehighway_0_0" speedFactor="1.08" state="1122400 0 5.10 0 1199600" pos="578.96" speed="18.43" posLat="0.00"/>
    <vehicle id="idm_highway_inflow_00.626" type="human" depart="1100.26" departLane="free" departSpeed="24.10" route="routehighway_0_0" speedFactor="1.05" state="1124000 0 5.10 0 1199600" pos="548.05" speed="17.78" posLat="0.00"/>
    <vehicle id="idm_highway_inflow_00.627" type="human" depart="1102.01" departLane="free" departSpeed="24.10" route="routehighway_0_0" speedFactor="0.90" state="1125600 0 5.10 0 1199600" pos="519.10" speed="17.19" posLat="0.00"/>
    <vehicle id="idm_highway_inflow_00.628" type="human" depart="1103.77" departLane="free" departSpeed="24.10" route="routehighway_0_0" speedFactor="0.93" state="1127200 0 5.10 0 1199600" pos="486.52" speed="16.05" posLat="0.00"/>
    <vehicle id="idm_highway_inflow_00.629" type="human" depart="1105.52" departLane="free" departSpeed="24.10" route="routehighway_0_0" speedFactor="0.90" state="1128800 0 5.10 0 1199600" pos="456.98" speed="14.98" posLat="0.00"/>
    <vehicle id="idm_highway_inflow_00.630" type="human" depart="1107.28" departLane="free" departSpeed="24.10" route="routehighway_0_0" speedFactor="1.03" state="1130400 0 5.10 0 1199600" pos="428.20" speed="13.61" posLat="0.00"/>
    <vehicle id="idm_highway_inflow_00.631" type="human" depart="1109.04" departLane="free" departSpeed="24.10" route="routehighway_0_0" speedFactor="1.05" state="1132000 0 5.10 0 1199600" pos="402.81" speed="11.82" posLat="0.00"/>
    <vehicle id="idm_highway_inflow_00.632" type="human" depart="1110.79" departLane="free" departSpeed="24.10" route="routehighway_0_0" speedFactor="1.22" state="1133600 0 5.10 0 1199600" pos="380.20" speed="10.21" posLat="0.00"/>
    <vehicle id="idm_highway_inflow_00.633" type="human" depart="1112.55" departLane="free" departSpeed="24.10" route="routehighway_0_0" speedFactor="1.01" state="1135200 0 5.10 0 1199600" pos="360.96" speed="8.82" posLat="0.00"/>
    <vehicle id="idm_highway_inflow_00.634" type="human" depart="1114.30" departLane="free" departSpeed="24.10" route="routehighway_0_0" speedFactor="1.03" state="1137200 0 5.10 0 1199600" pos="342.77" speed="7.56" posLat="0.00"/>
    <vehicle id="idm_highway_inflow_00.635" type="human" depart="1116.06" departLane="free" departSpeed="24.10" route="routehighway_0_0" speedFactor="1.13" state="1139200 0 5.10 0 1199600" pos="326.43" speed="6.13" posLat="0.00"/>
    <vehicle id="idm_highway_inflow_00.636" type="human" depart="1117.82" departLane="free" departSpeed="24.10" route="routehighway_0_0" speedFactor="1.02" state="1141200 0 5.10 0 1199600" pos="311.62" speed="4.80" posLat="0.00"/>
    <vehicle id="idm_highway_inflow_00.637" type="human" depart="1119.57" departLane="free" departSpeed="24.10" route="routehighway_0_0" speedFactor="0.99" state="1143200 0 5.10 0 1199600" pos="298.73" speed="3.50" posLat="0.00"/>
    <vehicle id="idm_highway_inflow_00.638" type="human" depart="1121.33" departLane="free" departSpeed="24.10" route="routehighway_0_0" speedFactor="1.05" state="1145600 0 5.10 0 1199600" pos="288.33" speed="2.53" posLat="0.00"/>
    <vehicle id="idm_highway_inflow_00.639" type="human" depart="1123.08" departLane="free" departSpeed="24.10" route="routehighway_0_0" speedFactor="0.98" state="1148400 0 5.10 0 1199600" pos="278.58" speed="1.47" posLat="0.00"/>
    <vehicle id="idm_highway_inflow_00.640" type="human" depart="1124.84" departLane="free" departSpeed="24.10" route="routehighway_0_0" speedFactor="0.93" state="1152000 0 5.10 0 1199600" pos="270.41" speed="0.50" posLat="0.00"/>
    <vehicle id="idm_highway_inflow_00.641" type="human" depart="1126.60" departLane="free" departSpeed="24.10" route="routehighway_0_0" speedFactor="1.06" state="1157200 0 5.10 7600 1199600" pos="263.18" speed="0.07" posLat="0.00"/>
    <vehicle id="idm_highway_inflow_00.642" type="human" depart="1128.35" departLane="free" departSpeed="24.10" route="routehighway_0_0" speedFactor="1.10" state="1166000 0 5.10 6400 1199600" pos="256.25" speed="0.01" posLat="0.00"/>
    <vehicle id="idm_highway_inflow_00.643" type="human" depart="1130.11" departLane="free" departSpeed="24.10" route="routehighway_0_0" speedFactor="0.95" state="1173600 0 5.10 800 1199600" pos="249.44" speed="0.00" posLat="0.00"/>
    <vehicle id="idm_highway_inflow_00.644" type="human" depart="1131.86" departLane="free" departSpeed="24.10" route="routehighway_0_0" speedFactor="0.91" state="1177600 0 5.10 3600 1199600" pos="242.45" speed="0.00" posLat="0.00"/>
    <vehicle id="idm_highway_inflow_00.645" type="human" depart="1133.62" departLane="free" departSpeed="24.10" route="routehighway_0_0" speedFactor="0.84" state="1180000 0 5.10 2400 1199600" pos="235.56" speed="0.00" posLat="0.00"/>
    <vehicle id="idm_highway_inflow_00.646" type="human" depart="1135.38" departLane="free" departSpeed="24.10" route="routehighway_0_0" speedFactor="1.04" state="1182000 0 5.10 1200 1199600" pos="228.71" speed="0.00" posLat="0.00"/>
    <vehicle id="idm_highway_inflow_00.647" type="human" depart="1137.13" departLane="free" departSpeed="24.10" route="routehighway_0_0" speedFactor="0.97" state="1184000 0 5.10 0 1199600" pos="221.69" speed="0.25" posLat="0.00"/>
    <vehicle id="idm_highway_inflow_00.648" type="human" depart="1138.89" departLane="free" departSpeed="24.10" route="routehighway_0_0" speedFactor="0.96" state="1185600 0 5.10 0 1199600" pos="213.56" speed="1.72" posLat="0.00"/>
    <vehicle id="idm_highway_inflow_00.649" type="human" depart="1140.64" departLane="free" departSpeed="24.10" route="routehighway_0_0" speedFactor="0.81" state="1187600 0 5.10 0 1199600" pos="202.95" speed="4.00" posLat="0.00"/>
    <vehicle id="idm_highway_inflow_00.650" type="human" depart="1142.40" departLane="free" departSpeed="24.10" route="routehighway_0_0" speedFactor="1.04" state="1189200 0 5.10 0 1199600" pos="189.34" speed="6.66" posLat="0.00"/>
    <vehicle id="idm_highway_inflow_00.651" type="human" depart="1144.16" departLane="free" departSpeed="24.10" route="routehighway_0_0" speedFactor="1.01" state="1190800 0 5.10 0 1199600" pos="171.85" speed="9.93" posLat="0.00"/>
    <vehicle id="idm_highway_inflow_00.652" type="human" depart="1145.91" departLane="free" departSpeed="24.10" route="routehighway_0_0" speedFactor="0.97" state="1192400 0 5.10 0 1199600" pos="150.15" speed="13.12" posLat="0.00"/>
    <vehicle id="idm_highway_inflow_00.653" type="human" depart="1147.67" departLane="free" departSpeed="24.10" route="routehighway_0_0" speedFactor="0.87" state="1194000 0 5.10 0 1199600" pos="124.43" speed="16.51" posLat="0.00"/>
    <vehicle id="idm_highway_inflow_00.654" type="human" depart="1149.42" departLane="free" departSpeed="24.10" route="routehighway_0_0" speedFactor="1.00" state="1195600 0 5.10 0 1199600" pos="94.52" speed="19.61" posLat="0.00"/>
    <vehicle id="idm_highway_inflow_00.655" type="human" depart="1151.18" departLane="free" departSpeed="24.10" route="routehighway_0_0" speedFactor="1.00" state="1197200 0 5.10 0 1199600" pos="60.65" speed="21.76" posLat="0.00"/>
    <vehicle id="idm_highway_inflow_00.656" type="human" depart="1152.94" departLane="free" departSpeed="24.10" route="routehighway_0_0" speedFactor="1.10" state="1198800 0 5.10 0 1199600" pos="24.20" speed="23.58" posLat="0.00"/>
    <vehicle id="idm_highway_inflow_00.657" type="human" depart="1154.69" departLane="free" departSpeed="24.10" route="routehighway_0_0" speedFactor="1.03" state="9223372036854775807 0 -1.00 0 0" pos="5.10" speed="0.00" posLat="0.00"/>
    <vehicle id="idm_highway_inflow_00.658" type="human" depart="1156.45" departLane="free" departSpeed="24.10" route="routehighway_0_0" speedFactor="0.88" state="9223372036854775807 0 -1.00 0 0" pos="0.00" speed="0.00" posLat="0.00"/>
    <vehicle id="idm_highway_inflow_00.659" type="human" depart="1158.20" departLane="free" departSpeed="24.10" route="routehighway_0_0" speedFactor="0.83" state="9223372036854775807 0 -1.00 0 0" pos="0.00" speed="0.00" posLat="0.00"/>
    <vehicle id="idm_highway_inflow_00.660" type="human" depart="1159.96" departLane="free" departSpeed="24.10" route="routehighway_0_0" speedFactor="0.98" state="9223372036854775807 0 -1.00 0 0" pos="0.00" speed="0.00" posLat="0.00"/>
    <vehicle id="idm_highway_inflow_00.661" type="human" depart="1161.72" departLane="free" departSpeed="24.10" route="routehighway_0_0" speedFactor="1.06" state="9223372036854775807 0 -1.00 0 0" pos="0.00" speed="0.00" posLat="0.00"/>
    <vehicle id="idm_highway_inflow_00.662" type="human" depart="1163.47" departLane="free" departSpeed="24.10" route="routehighway_0_0" speedFactor="0.88" state="9223372036854775807 0 -1.00 0 0" pos="0.00" speed="0.00" posLat="0.00"/>
    <vehicle id="idm_highway_inflow_00.663" type="human" depart="1165.23" departLane="free" departSpeed="24.10" route="routehighway_0_0" speedFactor="1.19" state="9223372036854775807 0 -1.00 0 0" pos="0.00" speed="0.00" posLat="0.00"/>
    <vehicle id="idm_highway_inflow_00.664" type="human" depart="1166.98" departLane="free" departSpeed="24.10" route="routehighway_0_0" speedFactor="1.05" state="9223372036854775807 0 -1.00 0 0" pos="0.00" speed="0.00" posLat="0.00"/>
    <vehicle id="idm_highway_inflow_00.665" type="human" depart="1168.74" departLane="free" departSpeed="24.10" route="routehighway_0_0" speedFactor="1.00" state="9223372036854775807 0 -1.00 0 0" pos="0.00" speed="0.00" posLat="0.00"/>
    <vehicle id="idm_highway_inflow_00.666" type="human" depart="1170.50" departLane="free" departSpeed="24.10" route="routehighway_0_0" speedFactor="1.06" state="9223372036854775807 0 -1.00 0 0" pos="0.00" speed="0.00" posLat="0.00"/>
    <vehicle id="idm_highway_inflow_00.667" type="human" depart="1172.25" departLane="free" departSpeed="24.10" route="routehighway_0_0" speedFactor="1.07" state="9223372036854775807 0 -1.00 0 0" pos="0.00" speed="0.00" posLat="0.00"/>
    <vehicle id="idm_highway_inflow_00.668" type="human" depart="1174.01" departLane="free" departSpeed="24.10" route="routehighway_0_0" speedFactor="0.94" state="9223372036854775807 0 -1.00 0 0" pos="0.00" speed="0.00" posLat="0.00"/>
    <vehicle id="idm_highway_inflow_00.669" type="human" depart="1175.76" departLane="free" departSpeed="24.10" route="routehighway_0_0" speedFactor="1.00" state="9223372036854775807 0 -1.00 0 0" pos="0.00" speed="0.00" posLat="0.00"/>
    <vehicle id="idm_highway_inflow_00.670" type="human" depart="1177.52" departLane="free" departSpeed="24.10" route="routehighway_0_0" speedFactor="1.07" state="9223372036854775807 0 -1.00 0 0" pos="0.00" speed="0.00" posLat="0.00"/>
    <vehicle id="idm_highway_inflow_00.671" type="human" depart="1179.28" departLane="free" departSpeed="24.10" route="routehighway_0_0" speedFactor="1.14" state="9223372036854775807 0 -1.00 0 0" pos="0.00" speed="0.00" posLat="0.00"/>
    <vehicle id="idm_highway_inflow_00.672" type="human" depart="1181.03" departLane="free" departSpeed="24.10" route="routehighway_0_0" speedFactor="0.88" state="9223372036854775807 0 -1.00 0 0" pos="0.00" speed="0.00" posLat="0.00"/>
    <vehicle id="idm_highway_inflow_00.673" type="human" depart="1182.79" departLane="free" departSpeed="24.10" route="routehighway_0_0" speedFactor="1.02" state="9223372036854775807 0 -1.00 0 0" pos="0.00" speed="0.00" posLat="0.00"/>
    <vehicle id="idm_highway_inflow_00.674" type="human" depart="1184.54" departLane="free" departSpeed="24.10" route="routehighway_0_0" speedFactor="0.89" state="9223372036854775807 0 -1.00 0 0" pos="0.00" speed="0.00" posLat="0.00"/>
    <vehicle id="idm_highway_inflow_00.675" type="human" depart="1186.30" departLane="free" departSpeed="24.10" route="routehighway_0_0" speedFactor="1.18" state="9223372036854775807 0 -1.00 0 0" pos="0.00" speed="0.00" posLat="0.00"/>
    <vehicle id="idm_highway_inflow_00.676" type="human" depart="1188.06" departLane="free" departSpeed="24.10" route="routehighway_0_0" speedFactor="1.13" state="9223372036854775807 0 -1.00 0 0" pos="0.00" speed="0.00" posLat="0.00"/>
    <vehicle id="idm_highway_inflow_00.677" type="human" depart="1189.81" departLane="free" departSpeed="24.10" route="routehighway_0_0" speedFactor="1.02" state="9223372036854775807 0 -1.00 0 0" pos="0.00" speed="0.00" posLat="0.00"/>
    <vehicle id="idm_highway_inflow_00.678" type="human" depart="1191.57" departLane="free" departSpeed="24.10" route="routehighway_0_0" speedFactor="0.99" state="9223372036854775807 0 -1.00 0 0" pos="0.00" speed="0.00" posLat="0.00"/>
    <vehicle id="idm_highway_inflow_00.679" type="human" depart="1193.32" departLane="free" departSpeed="24.10" route="routehighway_0_0" speedFactor="0.99" state="9223372036854775807 0 -1.00 0 0" pos="0.00" speed="0.00" posLat="0.00"/>
    <vehicle id="idm_highway_inflow_00.680" type="human" depart="1195.08" departLane="free" departSpeed="24.10" route="routehighway_0_0" speedFactor="1.02" state="9223372036854775807 0 -1.00 0 0" pos="0.00" speed="0.00" posLat="0.00"/>
    <vehicle id="idm_highway_inflow_00.681" type="human" depart="1196.84" departLane="free" departSpeed="24.10" route="routehighway_0_0" speedFactor="1.13" state="9223372036854775807 0 -1.00 0 0" pos="0.00" speed="0.00" posLat="0.00"/>
    <vehicle id="idm_highway_inflow_00.682" type="human" depart="1198.59" departLane="free" departSpeed="24.10" route="routehighway_0_0" speedFactor="0.97" state="9223372036854775807 0 -1.00 0 0" pos="0.00" speed="0.00" posLat="0.00"/>
    <lane id=":edge_1_0_0">
        <vehicles value=""/>
    </lane>
    <lane id=":edge_2_0_0">
        <vehicles value=""/>
    </lane>
    <lane id="highway_0_0">
        <vehicles value="idm_highway_inflow_00.656 idm_highway_inflow_00.655 idm_highway_inflow_00.654 idm_highway_inflow_00.653 idm_highway_inflow_00.652 idm_highway_inflow_00.651 idm_highway_inflow_00.650 idm_highway_inflow_00.649 idm_highway_inflow_00.648 idm_highway_inflow_00.647 idm_highway_inflow_00.646 idm_highway_inflow_00.645 idm_highway_inflow_00.644 idm_highway_inflow_00.643 idm_highway_inflow_00.642 idm_highway_inflow_00.641 idm_highway_inflow_00.640 idm_highway_inflow_00.639 idm_highway_inflow_00.638 idm_highway_inflow_00.637 idm_highway_inflow_00.636 idm_highway_inflow_00.635 idm_highway_inflow_00.634 idm_highway_inflow_00.633 idm_highway_inflow_00.632 idm_highway_inflow_00.631 idm_highway_inflow_00.630 idm_highway_inflow_00.629 idm_highway_inflow_00.628 idm_highway_inflow_00.627 idm_highway_inflow_00.626 idm_highway_inflow_00.625 idm_highway_inflow_00.624 idm_highway_inflow_00.623 idm_highway_inflow_00.622 idm_highway_inflow_00.621 idm_highway_inflow_00.620 idm_highway_inflow_00.619 idm_highway_inflow_00.618 idm_highway_inflow_00.617 idm_highway_inflow_00.616 idm_highway_inflow_00.615 idm_highway_inflow_00.614 idm_highway_inflow_00.613 idm_highway_inflow_00.612 idm_highway_inflow_00.611 idm_highway_inflow_00.610 idm_highway_inflow_00.609 idm_highway_inflow_00.608 idm_highway_inflow_00.607 idm_highway_inflow_00.606 idm_highway_inflow_00.605 idm_highway_inflow_00.604 idm_highway_inflow_00.603 idm_highway_inflow_00.602 idm_highway_inflow_00.601 idm_highway_inflow_00.600 idm_highway_inflow_00.599 idm_highway_inflow_00.598 idm_highway_inflow_00.597 idm_highway_inflow_00.596 idm_highway_inflow_00.595 idm_highway_inflow_00.594 idm_highway_inflow_00.593 idm_highway_inflow_00.592 idm_highway_inflow_00.591 idm_highway_inflow_00.590 idm_highway_inflow_00.589 idm_highway_inflow_00.588 idm_highway_inflow_00.587"/>
    </lane>
    <lane id="highway_1_0">
        <vehicles value="idm_highway_inflow_00.586 idm_highway_inflow_00.585 idm_highway_inflow_00.584 idm_highway_inflow_00.583 idm_highway_inflow_00.582 idm_highway_inflow_00.581 idm_highway_inflow_00.580 idm_highway_inflow_00.579 idm_highway_inflow_00.578 idm_highway_inflow_00.577 idm_highway_inflow_00.576 idm_highway_inflow_00.575 idm_highway_inflow_00.574 idm_highway_inflow_00.573 idm_highway_inflow_00.572 idm_highway_inflow_00.571 idm_highway_inflow_00.570 idm_highway_inflow_00.569 idm_highway_inflow_00.568 idm_highway_inflow_00.567 idm_highway_inflow_00.566 idm_highway_inflow_00.565 idm_highway_inflow_00.564 idm_highway_inflow_00.563 idm_highway_inflow_00.562 idm_highway_inflow_00.561 idm_highway_inflow_00.560 idm_highway_inflow_00.559 idm_highway_inflow_00.558 idm_highway_inflow_00.557 idm_highway_inflow_00.556 idm_highway_inflow_00.555 idm_highway_inflow_00.554 idm_highway_inflow_00.553 idm_highway_inflow_00.552 idm_highway_inflow_00.551 idm_highway_inflow_00.550 idm_highway_inflow_00.549 idm_highway_inflow_00.548 idm_highway_inflow_00.547 idm_highway_inflow_00.546 idm_highway_inflow_00.545 idm_highway_inflow_00.544 idm_highway_inflow_00.543 idm_highway_inflow_00.542 idm_highway_inflow_00.541 idm_highway_inflow_00.540 idm_highway_inflow_00.539 idm_highway_inflow_00.538 idm_highway_inflow_00.537 idm_highway_inflow_00.536 idm_highway_inflow_00.535 idm_highway_inflow_00.534 idm_highway_inflow_00.533 idm_highway_inflow_00.532 idm_highway_inflow_00.531 idm_highway_inflow_00.530 idm_highway_inflow_00.529 idm_highway_inflow_00.528 idm_highway_inflow_00.527 idm_highway_inflow_00.526 idm_highway_inflow_00.525 idm_highway_inflow_00.524 idm_highway_inflow_00.523 idm_highway_inflow_00.522 idm_highway_inflow_00.521 idm_highway_inflow_00.520 idm_highway_inflow_00.519 idm_highway_inflow_00.518 idm_highway_inflow_00.517 idm_highway_inflow_00.516 idm_highway_inflow_00.515 idm_highway_inflow_00.514 idm_highway_inflow_00.513 idm_highway_inflow_00.512 idm_highway_inflow_00.511 idm_highway_inflow_00.510 idm_highway_inflow_00.509 idm_highway_inflow_00.508 idm_highway_inflow_00.507 idm_highway_inflow_00.506 idm_highway_inflow_00.505 idm_highway_inflow_00.504 idm_highway_inflow_00.503 idm_highway_inflow_00.502"/>
    </lane>
    <lane id="highway_end_0">
        <vehicles value="idm_highway_inflow_00.501 idm_highway_inflow_00.500 idm_highway_inflow_00.499 idm_highway_inflow_00.498 idm_highway_inflow_00.497 idm_highway_inflow_00.496 idm_highway_inflow_00.495 idm_highway_inflow_00.494 idm_highway_inflow_00.493 idm_highway_inflow_00.492 idm_highway_inflow_00.491 idm_highway_inflow_00.490 idm_highway_inflow_00.489 idm_highway_inflow_00.488 idm_highway_inflow_00.487 idm_highway_inflow_00.486 idm_highway_inflow_00.485 idm_highway_inflow_00.484 idm_highway_inflow_00.483 idm_highway_inflow_00.482 idm_highway_inflow_00.481 idm_highway_inflow_00.480 idm_highway_inflow_00.479"/>
    </lane>
</snapshot>
