<?xml version="1.0" encoding="UTF-8"?>

<!-- generated on Tue Jan 19 18:42:29 2021 by Eclipse SUMO Version 1.1.0
<configuration xmlns:xsi="http://www.w3.org/2001/XMLSchema-instance" xsi:noNamespaceSchemaLocation="http://sumo.dlr.de/xsd/sumoConfiguration.xsd">

    <input>
        <net-file value="/tmp/flow/debug/cfg/highway-single_20210119-1841201611110480.3245122.net.xml"/>
        <route-files value="/tmp/flow/debug/cfg/highway-single_20210119-1841201611110480.3245122.rou.xml"/>
        <additional-files value="/tmp/flow/debug/cfg/highway-single_20210119-1841201611110480.3245122.add.xml"/>
    </input>

    <output>
        <save-state.times value="1200"/>
        <save-state.files value="warmup/highway/25.xml"/>
    </output>

    <time>
        <begin value="0"/>
        <step-length value="0.4"/>
    </time>

    <processing>
        <step-method.ballistic value="true"/>
        <collision.check-junctions value="true"/>
        <time-to-teleport value="-1"/>
    </processing>

    <report>
        <no-step-log value="true"/>
    </report>

    <traci_server>
        <remote-port value="52863"/>
        <num-clients value="1"/>
    </traci_server>

    <gui_only>
        <gui-settings-file value="/tmp/flow/debug/cfg/highway-single_20210119-1841201611110480.3245122.gui.cfg"/>
        <tracker-interval value="0.4"/>
    </gui_only>

</configuration>
-->

<snapshot xmlns:xsi="http://www.w3.org/2001/XMLSchema-instance" xsi:noNamespaceSchemaLocation="http://sumo.dlr.de/xsd/state_file.xsd" version="1.1.0" time="1200.00">
    <route id="routehighway_0_0" state="1" edges="highway_0 highway_1 highway_end"/>
    <route id="routehighway_1_0" state="1" edges="highway_1 highway_end"/>
    <route id="routehighway_end_0" state="1" edges="highway_end"/>
    <flowState id="idm_highway_inflow_00" index="683"/>
    <delay number="192" begin="683" end="479" depart="2438.00" time="120419.60"/>
    <vType id="DEFAULT_BIKETYPE" vClass="bicycle"/>
    <vType id="DEFAULT_PEDTYPE" vClass="pedestrian"/>
    <vType id="DEFAULT_VEHTYPE"/>
    <vType id="human" minGap="0.50" maxSpeed="30.00" speedFactor="normc(1.00,0.10,0.20,2.00)" impatience="0.50" laneChangeModel="LC2013" lcStrategic="1.0" lcCooperative="1.0" lcSpeedGain="1.0" lcKeepRight="1.0" carFollowModel="IDM" accel="2.6" decel="4.5" tau="1.0"/>
    <vehicle id="idm_highway_inflow_00.479" type="human" depart="842.12" departLane="free" departSpeed="24.10" route="routehighway_0_0" speedFactor="0.94" state="842000 2 5.10 0 1199600" pos="288.20" speed="5.91" posLat="0.00"/>
    <vehicle id="idm_highway_inflow_00.480" type="human" depart="843.88" departLane="free" departSpeed="24.10" route="routehighway_0_0" speedFactor="1.03" state="843600 2 5.10 0 1199600" pos="275.24" speed="5.92" posLat="0.00"/>
    <vehicle id="idm_highway_inflow_00.481" type="human" depart="845.64" departLane="free" departSpeed="24.10" route="routehighway_0_0" speedFactor="1.04" state="845600 2 5.10 0 1199600" pos="262.12" speed="5.94" posLat="0.00"/>
    <vehicle id="idm_highway_inflow_00.482" type="human" depart="847.39" departLane="free" departSpeed="24.10" route="routehighway_0_0" speedFactor="1.08" state="847200 2 5.10 0 1199600" pos="249.08" speed="5.87" posLat="0.00"/>
    <vehicle id="idm_highway_inflow_00.483" type="human" depart="849.15" departLane="free" departSpeed="24.10" route="routehighway_0_0" speedFactor="0.99" state="848800 2 5.10 0 1199600" pos="236.04" speed="6.00" posLat="0.00"/>
    <vehicle id="idm_highway_inflow_00.484" type="human" depart="850.90" departLane="free" departSpeed="24.10" route="routehighway_0_0" speedFactor="0.98" state="850800 2 5.10 0 1199600" pos="222.98" speed="6.00" posLat="0.00"/>
    <vehicle id="idm_highway_inflow_00.485" type="human" depart="852.66" departLane="free" departSpeed="24.10" route="routehighway_0_0" speedFactor="1.08" state="852400 2 5.10 0 1199600" pos="209.61" speed="5.93" posLat="0.00"/>
    <vehicle id="idm_highway_inflow_00.486" type="human" depart="854.42" departLane="free" departSpeed="24.10" route="routehighway_0_0" speedFactor="1.24" state="854400 2 5.10 0 1199600" pos="196.67" speed="6.00" posLat="0.00"/>
    <vehicle id="idm_highway_inflow_00.487" type="human" depart="856.17" departLane="free" departSpeed="24.10" route="routehighway_0_0" speedFactor="1.06" state="856000 2 5.10 0 1199600" pos="183.35" speed="5.90" posLat="0.00"/>
    <vehicle id="idm_highway_inflow_00.488" type="human" depart="857.93" departLane="free" departSpeed="24.10" route="routehighway_0_0" speedFactor="1.09" state="857600 2 5.10 0 1199600" pos="170.65" speed="5.98" posLat="0.00"/>
    <vehicle id="idm_highway_inflow_00.489" type="human" depart="859.68" departLane="free" departSpeed="24.10" route="routehighway_0_0" speedFactor="0.94" state="859600 2 5.10 0 1199600" pos="157.62" speed="5.95" posLat="0.00"/>
    <vehicle id="idm_highway_inflow_00.490" type="human" depart="861.44" departLane="free" departSpeed="24.10" route="routehighway_0_0" speedFactor="1.08" state="861200 2 5.10 0 1199600" pos="144.46" speed="6.00" posLat="0.00"/>
    <vehicle id="idm_highway_inflow_00.491" type="human" depart="863.20" departLane="free" departSpeed="24.10" route="routehighway_0_0" speedFactor="1.04" state="862800 2 5.10 0 1199600" pos="131.30" speed="5.92" posLat="0.00"/>
    <vehicle id="idm_highway_inflow_00.492" type="human" depart="864.95" departLane="free" departSpeed="24.10" route="routehighway_0_0" speedFactor="1.16" state="864800 2 5.10 0 1199600" pos="118.34" speed="5.87" posLat="0.00"/>
    <vehicle id="idm_highway_inflow_00.493" type="human" depart="866.71" departLane="free" departSpeed="24.10" route="routehighway_0_0" speedFactor="1.13" state="866400 2 5.10 0 1199600" pos="105.40" speed="5.87" posLat="0.00"/>
    <vehicle id="idm_highway_inflow_00.494" type="human" depart="868.46" departLane="free" departSpeed="24.10" route="routehighway_0_0" speedFactor="1.18" state="868400 2 5.10 0 1199600" pos="92.41" speed="5.99" posLat="0.00"/>
    <vehicle id="idm_highway_inflow_00.495" type="human" depart="870.22" departLane="free" departSpeed="24.10" route="routehighway_0_0" speedFactor="0.85" state="870000 2 5.10 0 1199600" pos="79.78" speed="5.92" posLat="0.00"/>
    <vehicle id="idm_highway_inflow_00.496" type="human" depart="871.98" departLane="free" departSpeed="24.10" route="routehighway_0_0" speedFactor="1.11" state="871600 2 5.10 0 1199600" pos="66.73" speed="5.78" posLat="0.00"/>
    <vehicle id="idm_highway_inflow_00.497" type="human" depart="873.73" departLane="free" departSpeed="24.10" route="routehighway_0_0" speedFactor="0.93" state="873600 2 5.10 0 1199600" pos="53.97" speed="5.93" posLat="0.00"/>
    <vehicle id="idm_highway_inflow_00.498" type="human" depart="875.49" departLane="free" departSpeed="24.10" route="routehighway_0_0" speedFactor="1.17" state="875200 2 5.10 0 1199600" pos="40.74" speed="6.00" posLat="0.00"/>
    <vehicle id="idm_highway_inflow_00.499" type="human" depart="877.24" departLane="free" departSpeed="24.10" route="routehighway_0_0" speedFactor="1.24" state="877200 2 5.10 0 1199600" pos="27.63" speed="5.83" posLat="0.00"/>
    <vehicle id="idm_highway_inflow_00.500" type="human" depart="879.00" departLane="free" departSpeed="24.10" route="routehighway_0_0" speedFactor="1.07" state="878800 2 5.10 0 1199600" pos="14.94" speed="5.79" posLat="0.00"/>
    <vehicle id="idm_highway_inflow_00.501" type="human" depart="880.76" departLane="free" departSpeed="24.10" route="routehighway_0_0" speedFactor="0.92" state="880400 2 5.10 0 1199600" pos="2.16" speed="5.71" posLat="0.00"/>
    <vehicle id="idm_highway_inflow_00.502" type="human" depart="882.51" departLane="free" departSpeed="24.10" route="routehighway_0_0" speedFactor="0.93" state="882400 1 5.10 0 1199600" pos="1239.59" speed="5.83" posLat="0.00"/>
    <vehicle id="idm_highway_inflow_00.503" type="human" depart="884.27" departLane="free" departSpeed="24.10" route="routehighway_0_0" speedFactor="0.96" state="884000 1 5.10 0 1199600" pos="1226.62" speed="6.04" posLat="0.00"/>
    <vehicle id="idm_highway_inflow_00.504" type="human" depart="886.02" departLane="free" departSpeed="24.10" route="routehighway_0_0" speedFactor="1.11" state="886000 1 5.10 0 1199600" pos="1213.50" speed="5.95" posLat="0.00"/>
    <vehicle id="idm_highway_inflow_00.505" type="human" depart="887.78" departLane="free" departSpeed="24.10" route="routehighway_0_0" speedFactor="1.02" state="887600 1 5.10 0 1199600" pos="1200.46" speed="5.95" posLat="0.00"/>
    <vehicle id="idm_highway_inflow_00.506" type="human" depart="889.54" departLane="free" departSpeed="24.10" route="routehighway_0_0" speedFactor="1.01" state="889200 1 5.10 0 1199600" pos="1187.44" speed="5.96" posLat="0.00"/>
    <vehicle id="idm_highway_inflow_00.507" type="human" depart="891.29" departLane="free" departSpeed="24.10" route="routehighway_0_0" speedFactor="0.94" state="891200 1 5.10 0 1199600" pos="1174.11" speed="6.38" posLat="0.00"/>
    <vehicle id="idm_highway_inflow_00.508" type="human" depart="893.05" departLane="free" departSpeed="24.10" route="routehighway_0_0" speedFactor="1.05" state="892800 1 5.10 0 1199600" pos="1160.91" speed="6.05" posLat="0.00"/>
    <vehicle id="idm_highway_inflow_00.509" type="human" depart="894.80" departLane="free" departSpeed="24.10" route="routehighway_0_0" speedFactor="1.12" state="894800 1 5.10 0 1199600" pos="1147.95" speed="5.79" posLat="0.00"/>
    <vehicle id="idm_highway_inflow_00.510" type="human" depart="896.56" departLane="free" departSpeed="24.10" route="routehighway_0_0" speedFactor="1.01" state="896400 1 5.10 0 1199600" pos="1134.98" speed="5.98" posLat="0.00"/>
    <vehicle id="idm_highway_inflow_00.511" type="human" depart="898.32" departLane="free" departSpeed="24.10" route="routehighway_0_0" speedFactor="1.01" state="898000 1 5.10 0 1199600" pos="1121.78" speed="6.16" posLat="0.00"/>
    <vehicle id="idm_highway_inflow_00.512" type="human" depart="900.07" departLane="free" departSpeed="24.10" route="routehighway_0_0" speedFactor="1.09" state="900000 1 5.10 0 1199600" pos="1108.63" speed="5.77" posLat="0.00"/>
    <vehicle id="idm_highway_inflow_00.513" type="human" depart="901.83" departLane="free" departSpeed="24.10" route="routehighway_0_0" speedFactor="1.07" state="901600 1 5.10 0 1199600" pos="1095.69" speed="5.98" posLat="0.00"/>
    <vehicle id="idm_highway_inflow_00.514" type="human" depart="903.58" departLane="free" departSpeed="24.10" route="routehighway_0_0" speedFactor="1.08" state="903200 1 5.10 0 1199600" pos="1082.88" speed="5.84" posLat="0.00"/>
    <vehicle id="idm_highway_inflow_00.515" type="human" depart="905.34" departLane="free" departSpeed="24.10" route="routehighway_0_0" speedFactor="0.91" state="905200 1 5.10 0 1199600" pos="1069.99" speed="5.48" posLat="0.00"/>
    <vehicle id="idm_highway_inflow_00.516" type="human" depart="907.10" departLane="free" departSpeed="24.10" route="routehighway_0_0" speedFactor="0.91" state="906800 1 5.10 0 1199600" pos="1057.55" speed="5.40" posLat="0.00"/>
    <vehicle id="idm_highway_inflow_00.517" type="human" depart="908.85" departLane="free" departSpeed="24.10" route="routehighway_0_0" speedFactor="0.92" state="908800 1 5.10 0 1199600" pos="1045.18" speed="5.12" posLat="0.00"/>
    <vehicle id="idm_highway_inflow_00.518" type="human" depart="910.61" departLane="free" departSpeed="24.10" route="routehighway_0_0" speedFactor="1.03" state="910400 1 5.10 0 1199600" pos="1032.94" speed="5.15" posLat="0.00"/>
    <vehicle id="idm_highway_inflow_00.519" type="human" depart="912.36" departLane="free" departSpeed="24.10" route="routehighway_0_0" speedFactor="1.05" state="912000 1 5.10 0 1199600" pos="1020.67" speed="5.14" posLat="0.00"/>
    <vehicle id="idm_highway_inflow_00.520" type="human" depart="914.12" departLane="free" departSpeed="24.10" route="routehighway_0_0" speedFactor="1.03" state="914000 1 5.10 0 1199600" pos="1008.36" speed="4.99" posLat="0.00"/>
    <vehicle id="idm_highway_inflow_00.521" type="human" depart="915.88" departLane="free" departSpeed="24.10" route="routehighway_0_0" speedFactor="1.11" state="915600 1 5.10 0 1199600" pos="996.62" speed="5.26" posLat="0.00"/>
    <vehicle id="idm_highway_inflow_00.522" type="human" depart="917.63" departLane="free" departSpeed="24.10" route="routehighway_0_0" speedFactor="0.86" state="917600 1 5.10 0 1199600" pos="984.23" speed="5.51" posLat="0.00"/>
    <vehicle id="idm_highway_inflow_00.523" type="human" depart="919.39" departLane="free" departSpeed="24.10" route="routehighway_0_0" speedFactor="0.98" state="919200 1 5.10 0 1199600" pos="971.48" speed="5.92" posLat="0.00"/>
    <vehicle id="idm_highway_inflow_00.524" type="human" depart="921.14" departLane="free" departSpeed="24.10" route="routehighway_0_0" speedFactor="0.97" state="920800 1 5.10 0 1199600" pos="958.43" speed="6.35" posLat="0.00"/>
    <vehicle id="idm_highway_inflow_00.525" type="human" depart="922.90" departLane="free" departSpeed="24.10" route="routehighway_0_0" speedFactor="1.02" state="922800 1 5.10 0 1199600" pos="944.73" speed="6.93" posLat="0.00"/>
    <vehicle id="idm_highway_inflow_00.526" type="human" depart="924.66" departLane="free" departSpeed="24.10" route="routehighway_0_0" speedFactor="0.99" state="924400 1 5.10 0 1199600" pos="930.05" speed="7.15" posLat="0.00"/>
    <vehicle id="idm_highway_inflow_00.527" type="human" depart="926.41" departLane="free" departSpeed="24.10" route="routehighway_0_0" speedFactor="1.01" state="926400 1 5.10 0 1199600" pos="915.43" speed="7.10" posLat="0.00"/>
    <vehicle id="idm_highway_inflow_00.528" type="human" depart="928.17" departLane="free" departSpeed="24.10" route="routehighway_0_0" speedFactor="1.02" state="928000 1 5.10 0 1199600" pos="901.02" speed="6.94" posLat="0.00"/>
    <vehicle id="idm_highway_inflow_00.529" type="human" depart="929.92" departLane="free" departSpeed="24.10" route="routehighway_0_0" speedFactor="0.99" state="929600 1 5.10 0 1199600" pos="886.89" speed="6.45" posLat="0.00"/>
    <vehicle id="idm_highway_inflow_00.530" type="human" depart="931.68" departLane="free" departSpeed="24.10" route="routehighway_0_0" speedFactor="1.21" state="931600 1 5.10 0 1199600" pos="873.09" speed="6.14" posLat="0.00"/>
    <vehicle id="idm_highway_inflow_00.531" type="human" depart="933.44" departLane="free" departSpeed="24.10" route="routehighway_0_0" speedFactor="1.02" state="933200 1 5.10 0 1199600" pos="859.84" speed="5.49" posLat="0.00"/>
    <vehicle id="idm_highway_inflow_00.532" type="human" depart="935.19" departLane="free" departSpeed="24.10" route="routehighway_0_0" speedFactor="0.97" state="934800 1 5.10 0 1199600" pos="847.69" speed="4.70" posLat="0.00"/>
    <vehicle id="idm_highway_inflow_00.533" type="human" depart="936.95" departLane="free" departSpeed="24.10" route="routehighway_0_0" speedFactor="0.99" state="936800 1 5.10 0 1199600" pos="836.18" speed="4.33" posLat="0.00"/>
    <vehicle id="idm_highway_inflow_00.534" type="human" depart="938.70" departLane="free" departSpeed="24.10" route="routehighway_0_0" speedFactor="1.04" state="938400 1 5.10 0 1199600" pos="825.11" speed="4.18" posLat="0.00"/>
    <vehicle id="idm_highway_inflow_00.535" type="human" depart="940.46" departLane="free" departSpeed="24.10" route="routehighway_0_0" speedFactor="0.86" state="940400 1 5.10 0 1199600" pos="813.80" speed="4.47" posLat="0.00"/>
    <vehicle id="idm_highway_inflow_00.536" type="human" depart="942.22" departLane="free" departSpeed="24.10" route="routehighway_0_0" speedFactor="0.95" state="942000 1 5.10 0 1199600" pos="802.48" speed="4.62" posLat="0.00"/>
    <vehicle id="idm_highway_inflow_00.537" type="human" depart="943.97" departLane="free" departSpeed="24.10" route="routehighway_0_0" speedFactor="0.85" state="943600 1 5.10 0 1199600" pos="790.58" speed="5.12" posLat="0.00"/>
    <vehicle id="idm_highway_inflow_00.538" type="human" depart="945.73" departLane="free" departSpeed="24.10" route="routehighway_0_0" speedFactor="0.93" state="945600 1 5.10 0 1199600" pos="777.88" speed="5.82" posLat="0.00"/>
    <vehicle id="idm_highway_inflow_00.539" type="human" depart="947.48" departLane="free" departSpeed="24.10" route="routehighway_0_0" speedFactor="1.10" state="947200 1 5.10 0 1199600" pos="764.31" speed="6.91" posLat="0.00"/>
    <vehicle id="idm_highway_inflow_00.540" type="human" depart="949.24" departLane="free" departSpeed="24.10" route="routehighway_0_0" speedFactor="1.17" state="949200 1 5.10 0 1199600" pos="749.42" speed="8.03" posLat="0.00"/>
    <vehicle id="idm_highway_inflow_00.541" type="human" depart="951.00" departLane="free" departSpeed="24.10" route="routehighway_0_0" speedFactor="1.12" state="950800 1 5.10 0 1199600" pos="733.78" speed="8.70" posLat="0.00"/>
    <vehicle id="idm_highway_inflow_00.542" type="human" depart="952.75" departLane="free" departSpeed="24.10" route="routehighway_0_0" speedFactor="1.02" state="952400 1 5.10 0 1199600" pos="717.11" speed="8.78" posLat="0.00"/>
    <vehicle id="idm_highway_inflow_00.543" type="human" depart="954.51" departLane="free" departSpeed="24.10" route="routehighway_0_0" speedFactor="0.90" state="954400 1 5.10 0 1199600" pos="700.44" speed="8.73" posLat="0.00"/>
    <vehicle id="idm_highway_inflow_00.544" type="human" depart="956.26" departLane="free" departSpeed="24.10" route="routehighway_0_0" speedFactor="1.01" state="956000 1 5.10 0 1199600" pos="684.47" speed="8.43" posLat="0.00"/>
    <vehicle id="idm_highway_inflow_00.545" type="human" depart="958.02" departLane="free" departSpeed="24.10" route="routehighway_0_0" speedFactor="1.04" state="958000 1 5.10 0 1199600" pos="668.16" speed="8.00" posLat="0.00"/>
    <vehicle id="idm_highway_inflow_00.546" type="human" depart="959.78" departLane="free" departSpeed="24.10" route="routehighway_0_0" speedFactor="0.98" state="959600 1 5.10 0 1199600" pos="652.39" speed="7.14" posLat="0.00"/>
    <vehicle id="idm_highway_inflow_00.547" type="human" depart="961.53" departLane="free" departSpeed="24.10" route="routehighway_0_0" speedFactor="1.00" state="961200 1 5.10 0 1199600" pos="637.93" speed="6.51" posLat="0.00"/>
    <vehicle id="idm_highway_inflow_00.548" type="human" depart="963.29" departLane="free" departSpeed="24.10" route="routehighway_0_0" speedFactor="1.17" state="963200 1 5.10 0 1199600" pos="623.76" speed="5.99" posLat="0.00"/>
    <vehicle id="idm_highway_inflow_00.549" type="human" depart="965.04" departLane="free" departSpeed="24.10" route="routehighway_0_0" speedFactor="0.96" state="964800 1 5.10 0 1199600" pos="610.96" speed="4.86" posLat="0.00"/>
    <vehicle id="idm_highway_inflow_00.550" type="human" depart="966.80" departLane="free" departSpeed="24.10" route="routehighway_0_0" speedFactor="0.97" state="966800 1 5.10 0 1199600" pos="599.17" speed="3.86" posLat="0.00"/>
    <vehicle id="idm_highway_inflow_00.551" type="human" depart="968.56" departLane="free" departSpeed="24.10" route="routehighway_0_0" speedFactor="0.89" state="968400 1 5.10 0 1199600" pos="588.37" speed="3.62" posLat="0.00"/>
    <vehicle id="idm_highway_inflow_00.552" type="human" depart="970.31" departLane="free" departSpeed="24.10" route="routehighway_0_0" speedFactor="1.02" state="970000 1 5.10 0 1199600" pos="577.94" speed="3.43" posLat="0.00"/>
    <vehicle id="idm_highway_inflow_00.553" type="human" depart="972.07" departLane="free" departSpeed="24.10" route="routehighway_0_0" speedFactor="0.84" state="972000 1 5.10 0 1199600" pos="567.81" speed="3.17" posLat="0.00"/>
    <vehicle id="idm_highway_inflow_00.554" type="human" depart="973.82" departLane="free" departSpeed="24.10" route="routehighway_0_0" speedFactor="0.90" state="973600 1 5.10 0 1199600" pos="558.02" speed="3.26" posLat="0.00"/>
    <vehicle id="idm_highway_inflow_00.555" type="human" depart="975.58" departLane="free" departSpeed="24.10" route="routehighway_0_0" speedFactor="1.13" state="975200 1 5.10 0 1199600" pos="547.64" speed="3.80" posLat="0.00"/>
    <vehicle id="idm_highway_inflow_00.556" type="human" depart="977.34" departLane="free" departSpeed="24.10" route="routehighway_0_0" speedFactor="1.00" state="977200 1 5.10 0 1199600" pos="536.33" speed="4.88" posLat="0.00"/>
    <vehicle id="idm_highway_inflow_00.557" type="human" depart="979.09" departLane="free" departSpeed="24.10" route="routehighway_0_0" speedFactor="0.96" state="978800 1 5.10 0 1199600" pos="523.23" speed="6.54" posLat="0.00"/>
    <vehicle id="idm_highway_inflow_00.558" type="human" depart="980.85" departLane="free" departSpeed="24.10" route="routehighway_0_0" speedFactor="0.99" state="980800 1 5.10 0 1199600" pos="507.08" speed="8.77" posLat="0.00"/>
    <vehicle id="idm_highway_inflow_00.559" type="human" depart="982.60" departLane="free" departSpeed="24.10" route="routehighway_0_0" speedFactor="0.93" state="982400 1 5.10 0 1199600" pos="488.24" speed="10.63" posLat="0.00"/>
    <vehicle id="idm_highway_inflow_00.560" type="human" depart="984.36" departLane="free" departSpeed="24.10" route="routehighway_0_0" speedFactor="1.13" state="984000 1 5.10 0 1199600" pos="468.11" speed="11.25" posLat="0.00"/>
    <vehicle id="idm_highway_inflow_00.561" type="human" depart="986.12" departLane="free" departSpeed="24.10" route="routehighway_0_0" speedFactor="0.95" state="986000 1 5.10 0 1199600" pos="449.20" speed="10.48" posLat="0.00"/>
    <vehicle id="idm_highway_inflow_00.562" type="human" depart="987.87" departLane="free" departSpeed="24.10" route="routehighway_0_0" speedFactor="0.99" state="987600 1 5.10 0 1199600" pos="428.39" speed="9.46" posLat="0.00"/>
    <vehicle id="idm_highway_inflow_00.563" type="human" depart="989.63" departLane="free" departSpeed="24.10" route="routehighway_0_0" speedFactor="1.00" state="989600 1 5.10 0 1199600" pos="410.44" speed="8.22" posLat="0.00"/>
    <vehicle id="idm_highway_inflow_00.564" type="human" depart="991.38" departLane="free" departSpeed="24.10" route="routehighway_0_0" speedFactor="0.83" state="991200 1 5.10 0 1199600" pos="394.40" speed="6.70" posLat="0.00"/>
    <vehicle id="idm_highway_inflow_00.565" type="human" depart="993.14" departLane="free" departSpeed="24.10" route="routehighway_0_0" speedFactor="0.98" state="992800 1 5.10 0 1199600" pos="379.93" speed="5.67" posLat="0.00"/>
    <vehicle id="idm_highway_inflow_00.566" type="human" depart="994.90" departLane="free" departSpeed="24.10" route="routehighway_0_0" speedFactor="0.93" state="994800 1 5.10 0 1199600" pos="367.19" speed="4.71" posLat="0.00"/>
    <vehicle id="idm_highway_inflow_00.567" type="human" depart="996.65" departLane="free" departSpeed="24.10" route="routehighway_0_0" speedFactor="1.07" state="996400 1 5.10 0 1199600" pos="355.62" speed="3.85" posLat="0.00"/>
    <vehicle id="idm_highway_inflow_00.568" type="human" depart="998.41" departLane="free" departSpeed="24.10" route="routehighway_0_0" speedFactor="0.86" state="998400 1 5.10 0 1199600" pos="344.72" speed="3.28" posLat="0.00"/>
    <vehicle id="idm_highway_inflow_00.569" type="human" depart="1000.16" departLane="free" departSpeed="24.10" route="routehighway_0_0" speedFactor="0.86" state="1000000 1 5.10 0 1199600" pos="334.87" speed="2.95" posLat="0.00"/>
    <vehicle id="idm_highway_inflow_00.570" type="human" depart="1001.92" departLane="free" departSpeed="24.10" route="routehighway_0_0" speedFactor="1.24" state="1001600 1 5.10 0 1199600" pos="325.24" speed="2.60" posLat="0.00"/>
    <vehicle id="idm_highway_inflow_00.571" type="human" depart="1003.68" departLane="free" departSpeed="24.10" route="routehighway_0_0" speedFactor="1.03" state="1003600 1 5.10 0 1199600" pos="315.80" speed="2.09" posLat="0.00"/>
    <vehicle id="idm_highway_inflow_00.572" type="human" depart="1005.43" departLane="free" departSpeed="24.10" route="routehighway_0_0" speedFactor="1.06" state="1005200 1 5.10 0 1199600" pos="306.83" speed="2.19" posLat="0.00"/>
    <vehicle id="idm_highway_inflow_00.573" type="human" depart="1007.19" departLane="free" departSpeed="24.10" route="routehighway_0_0" speedFactor="0.93" state="1007200 1 5.10 0 1199600" pos="297.33" speed="3.01" posLat="0.00"/>
    <vehicle id="idm_highway_inflow_00.574" type="human" depart="1008.94" departLane="free" departSpeed="24.10" route="routehighway_0_0" speedFactor="0.90" state="1009200 1 5.10 0 1199600" pos="286.89" speed="3.97" posLat="0.00"/>
    <vehicle id="idm_highway_inflow_00.575" type="human" depart="1010.70" departLane="free" departSpeed="24.10" route="routehighway_0_0" speedFactor="0.97" state="1011600 1 5.10 0 1199600" pos="275.24" speed="4.87" posLat="0.00"/>
    <vehicle id="idm_highway_inflow_00.576" type="human" depart="1012.46" departLane="free" departSpeed="24.10" route="routehighway_0_0" speedFactor="1.02" state="1014000 1 5.10 0 1199600" pos="262.78" speed="5.65" posLat="0.00"/>
    <vehicle id="idm_highway_inflow_00.577" type="human" depart="1014.21" departLane="free" departSpeed="24.10" route="routehighway_0_0" speedFactor="0.97" state="1016800 1 5.10 0 1199600" pos="249.88" speed="5.97" posLat="0.00"/>
    <vehicle id="idm_highway_inflow_00.578" type="human" depart="1015.97" departLane="free" departSpeed="24.10" route="routehighway_0_0" speedFactor="0.98" state="1020400 1 5.10 0 1199600" pos="236.78" speed="5.81" posLat="0.00"/>
    <vehicle id="idm_highway_inflow_00.579" type="human" depart="1017.72" departLane="free" departSpeed="24.10" route="routehighway_0_0" speedFactor="0.93" state="1024000 1 5.10 0 1199600" pos="224.13" speed="5.66" posLat="0.00"/>
    <vehicle id="idm_highway_inflow_00.580" type="human" depart="1019.48" departLane="free" departSpeed="24.10" route="routehighway_0_0" speedFactor="0.95" state="1027600 1 5.10 0 1199600" pos="211.59" speed="5.55" posLat="0.00"/>
    <vehicle id="idm_highway_inflow_00.581" type="human" depart="1021.24" departLane="free" departSpeed="24.10" route="routehighway_0_0" speedFactor="0.98" state="1030800 1 5.10 0 1199600" pos="199.29" speed="5.73" posLat="0.00"/>
    <vehicle id="idm_highway_inflow_00.582" type="human" depart="1022.99" departLane="free" departSpeed="24.10" route="routehighway_0_0" speedFactor="0.92" state="1033600 1 5.10 0 1199600" pos="186.34" speed="6.20" posLat="0.00"/>
    <vehicle id="idm_highway_inflow_00.583" type="human" depart="1024.75" departLane="free" departSpeed="24.10" route="routehighway_0_0" speedFactor="1.07" state="1036000 1 5.10 0 1199600" pos="171.85" speed="7.50" posLat="0.00"/>
    <vehicle id="idm_highway_inflow_00.584" type="human" depart="1026.50" departLane="free" departSpeed="24.10" route="routehighway_0_0" speedFactor="1.12" state="1038400 1 5.10 0 1199600" pos="155.54" speed="9.18" posLat="0.00"/>
    <vehicle id="idm_highway_inflow_00.585" type="human" depart="1028.26" departLane="free" departSpeed="24.10" route="routehighway_0_0" speedFactor="1.00" state="1040400 1 5.10 0 1199600" pos="137.29" speed="11.13" posLat="0.00"/>
    <vehicle id="idm_highway_inflow_00.586" type="human" depart="1030.02" departLane="free" departSpeed="24.10" route="routehighway_0_0" speedFactor="1.09" state="1042800 1 5.10 0 1199600" pos="116.44" speed="12.61" posLat="0.00"/>
    <vehicle id="idm_highway_inflow_00.587" type="human" depart="1031.77" departLane="free" departSpeed="24.10" route="routehighway_0_0" speedFactor="1.01" state="1046000 1 5.10 0 1199600" pos="94.07" speed="12.88" posLat="0.00"/>
    <vehicle id="idm_highway_inflow_00.588" type="human" depart="1033.53" departLane="free" departSpeed="24.10" route="routehighway_0_0" speedFactor="0.95" state="1050400 1 5.10 0 1199600" pos="72.00" speed="12.34" posLat="0.00"/>
    <vehicle id="idm_highway_inflow_00.589" type="human" depart="1035.28" departLane="free" departSpeed="24.10" route="routehighway_0_0" speedFactor="0.93" state="1057600 1 5.10 0 1199600" pos="49.97" speed="11.48" posLat="0.00"/>
    <vehicle id="idm_highway_inflow_00.590" type="human" depart="1037.04" departLane="free" departSpeed="24.10" route="routehighway_0_0" speedFactor="1.06" state="1066400 1 5.10 0 1199600" pos="30.17" speed="10.19" posLat="0.00"/>
    <vehicle id="idm_highway_inflow_00.591" type="human" depart="1038.80" departLane="free" departSpeed="24.10" route="routehighway_0_0" speedFactor="1.06" state="1070800 1 5.10 0 1199600" pos="11.20" speed="9.28" posLat="0.00"/>
    <vehicle id="idm_highway_inflow_00.592" type="human" depart="1040.55" departLane="free" departSpeed="24.10" route="routehighway_0_0" speedFactor="1.25" state="1073600 0 5.10 0 1199600" pos="1244.37" speed="8.31" posLat="0.00"/>
    <vehicle id="idm_highway_inflow_00.593" type="human" depart="1042.31" departLane="free" departSpeed="24.10" route="routehighway_0_0" speedFactor="1.06" state="1075600 0 5.10 0 1199600" pos="1227.64" speed="7.28" posLat="0.00"/>
    <vehicle id="idm_highway_inflow_00.594" type="human" depart="1044.06" departLane="free" departSpeed="24.10" route="routehighway_0_0" speedFactor="1.05" state="1077600 0 5.10 0 1199600" pos="1213.21" speed="6.13" posLat="0.00"/>
    <vehicle id="idm_highway_inflow_00.595" type="human" depart="1045.82" departLane="free" departSpeed="24.10" route="routehighway_0_0" speedFactor="1.12" state="1079200 0 5.10 0 1199600" pos="1199.91" speed="5.22" posLat="0.00"/>
    <vehicle id="idm_highway_inflow_00.596" type="human" depart="1047.58" departLane="free" departSpeed="24.10" route="routehighway_0_0" speedFactor="0.97" state="1081200 0 5.10 0 1199600" pos="1187.89" speed="4.53" posLat="0.00"/>
    <vehicle id="idm_highway_inflow_00.597" type="human" depart="1049.33" departLane="free" departSpeed="24.10" route="routehighway_0_0" speedFactor="0.93" state="1082800 0 5.10 0 1199600" pos="1176.00" speed="4.01" posLat="0.00"/>
    <vehicle id="idm_highway_inflow_00.598" type="human" depart="1051.09" departLane="free" departSpeed="24.10" route="routehighway_0_0" speedFactor="1.11" state="1084400 0 5.10 0 1199600" pos="1164.95" speed="3.58" posLat="0.00"/>
    <vehicle id="idm_highway_inflow_00.599" type="human" depart="1052.84" departLane="free" departSpeed="24.10" route="routehighway_0_0" speedFactor="0.87" state="1086000 0 5.10 0 1199600" pos="1154.57" speed="3.15" posLat="0.00"/>
    <vehicle id="idm_highway_inflow_00.600" type="human" depart="1054.60" departLane="free" departSpeed="24.10" route="routehighway_0_0" speedFactor="1.00" state="1087600 0 5.10 0 1199600" pos="1144.73" speed="2.84" posLat="0.00"/>
    <vehicle id="idm_highway_inflow_00.601" type="human" depart="1056.36" departLane="free" departSpeed="24.10" route="routehighway_0_0" speedFactor="0.99" state="1089200 0 5.10 0 1199600" pos="1135.12" speed="2.63" posLat="0.00"/>
    <vehicle id="idm_highway_inflow_00.602" type="human" depart="1058.11" departLane="free" departSpeed="24.10" route="routehighway_0_0" speedFactor="1.05" state="1090800 0 5.10 0 1199600" pos="1125.46" speed="2.72" posLat="0.00"/>
    <vehicle id="idm_highway_inflow_00.603" type="human" depart="1059.87" departLane="free" departSpeed="24.10" route="routehighway_0_0" speedFactor="1.00" state="1092400 0 5.10 0 1199600" pos="1115.58" speed="2.83" posLat="0.00"/>
    <vehicle id="idm_highway_inflow_00.604" type="human" depart="1061.62" departLane="free" departSpeed="24.10" route="routehighway_0_0" speedFactor="0.90" state="1094000 0 5.10 0 1199600" pos="1105.60" speed="3.42" posLat="0.00"/>
    <vehicle id="idm_highway_inflow_00.605" type="human" depart="1063.38" departLane="free" departSpeed="24.10" route="routehighway_0_0" speedFactor="0.92" state="1095600 0 5.10 0 1199600" pos="1094.66" speed="4.45" posLat="0.00"/>
    <vehicle id="idm_highway_inflow_00.606" type="human" depart="1065.14" departLane="free" departSpeed="24.10" route="routehighway_0_0" speedFactor="0.95" state="1097200 0 5.10 0 1199600" pos="1082.11" speed="5.82" posLat="0.00"/>
    <vehicle id="idm_highway_inflow_00.607" type="human" depart="1066.89" departLane="free" departSpeed="24.10" route="routehighway_0_0" speedFactor="0.94" state="1098800 0 5.10 0 1199600" pos="1066.97" speed="7.99" posLat="0.00"/>
    <vehicle id="idm_highway_inflow_00.608" type="human" depart="1068.65" departLane="free" departSpeed="24.10" route="routehighway_0_0" speedFactor="0.93" state="1100400 0 5.10 0 1199600" pos="1048.54" speed="10.40" posLat="0.00"/>
    <vehicle id="idm_highway_inflow_00.609" type="human" depart="1070.40" departLane="free" departSpeed="24.10" route="routehighway_0_0" speedFactor="1.06" state="1102000 0 5.10 0 1199600" pos="1025.03" speed="13.91" posLat="0.00"/>
    <vehicle id="idm_highway_inflow_00.610" type="human" depart="1072.16" departLane="free" departSpeed="24.10" route="routehighway_0_0" speedFactor="1.05" state="1103600 0 5.10 0 1199600" pos="998.10" speed="16.65" posLat="0.00"/>
    <vehicle id="idm_highway_inflow_00.611" type="human" depart="1073.92" departLane="free" departSpeed="24.10" route="routehighway_0_0" speedFactor="1.13" state="1105200 0 5.10 0 1199600" pos="967.58" speed="18.61" posLat="0.00"/>
    <vehicle id="idm_highway_inflow_00.612" type="human" depart="1075.67" departLane="free" departSpeed="24.10" route="routehighway_0_0" speedFactor="1.02" state="1106800 0 5.10 0 1199600" pos="934.12" speed="19.00" posLat="0.00"/>
    <vehicle id="idm_highway_inflow_00.613" type="human" depart="1077.43" departLane="free" departSpeed="24.10" route="routehighway_0_0" speedFactor="0.96" state="1108400 0 5.10 0 1199600" pos="901.03" speed="18.43" posLat="0.00"/>
    <vehicle id="idm_highway_inflow_00.614" type="human" depart="1079.18" departLane="free" departSpeed="24.10" route="routehighway_0_0" speedFactor="1.14" state="1110000 0 5.10 0 1199600" pos="869.37" speed="17.31" posLat="0.00"/>
    <vehicle id="idm_highway_inflow_00.615" type="human" depart="1080.94" departLane="free" departSpeed="24.10" route="routehighway_0_0" speedFactor="1.00" state="1111600 0 5.10 0 1199600" pos="838.75" speed="15.81" posLat="0.00"/>
    <vehicle id="idm_highway_inflow_00.616" type="human" depart="1082.70" departLane="free" departSpeed="24.10" route="routehighway_0_0" speedFactor="1.01" state="1113200 0 5.10 0 1199600" pos="810.60" speed="14.56" posLat="0.00"/>
    <vehicle id="idm_highway_inflow_00.617" type="human" depart="1084.45" departLane="free" departSpeed="24.10" route="routehighway_0_0" speedFactor="1.11" state="1114800 0 5.10 0 1199600" pos="785.94" speed="13.12" posLat="0.00"/>
    <vehicle id="idm_highway_inflow_00.618" type="human" depart="1086.21" departLane="free" departSpeed="24.10" route="routehighway_0_0" speedFactor="1.00" state="1116400 0 5.10 0 1199600" pos="759.98" speed="11.87" posLat="0.00"/>
    <vehicle id="idm_highway_inflow_00.619" type="human" depart="1087.96" departLane="free" departSpeed="24.10" route="routehighway_0_0" speedFactor="0.90" state="1118000 0 5.10 0 1199600" pos="736.41" speed="10.69" posLat="0.00"/>
    <vehicle id="idm_highway_inflow_00.620" type="human" depart="1089.72" departLane="free" departSpeed="24.10" route="routehighway_0_0" speedFactor="1.18" state="1119600 0 5.10 0 1199600" pos="716.73" speed="9.03" posLat="0.00"/>
    <vehicle id="idm_highway_inflow_00.621" type="human" depart="1091.48" departLane="free" departSpeed="24.10" route="routehighway_0_0" speedFactor="1.02" state="1121200 0 5.10 0 1199600" pos="698.62" speed="7.28" posLat="0.00"/>
    <vehicle id="idm_highway_inflow_00.622" type="human" depart="1093.23" departLane="free" departSpeed="24.10" route="routehighway_0_0" speedFactor="1.02" state="1122800 0 5.10 0 1199600" pos="682.16" speed="6.07" posLat="0.00"/>
    <vehicle id="idm_highway_inflow_00.623" type="human" depart="1094.99" departLane="free" departSpeed="24.10" route="routehighway_0_0" speedFactor="1.13" state="1124400 0 5.10 0 1199600" pos="667.61" speed="5.14" posLat="0.00"/>
    <vehicle id="idm_highway_inflow_00.624" type="human" depart="1096.74" departLane="free" departSpeed="24.10" route="routehighway_0_0" speedFactor="1.10" state="1126000 0 5.10 0 1199600" pos="654.57" speed="3.68" posLat="0.00"/>
    <vehicle id="idm_highway_inflow_00.625" type="human" depart="1098.50" departLane="free" departSpeed="24.10" route="routehighway_0_0" speedFactor="1.08" state="1127600 0 5.10 0 1199600" pos="643.17" speed="2.18" posLat="0.00"/>
    <vehicle id="idm_highway_inflow_00.626" type="human" depart="1100.26" departLane="free" departSpeed="24.10" route="routehighway_0_0" speedFactor="1.05" state="1129200 0 5.10 0 1199600" pos="633.88" speed="0.79" posLat="0.00"/>
    <vehicle id="idm_highway_inflow_00.627" type="human" depart="1102.01" departLane="free" departSpeed="24.10" route="routehighway_0_0" speedFactor="0.90" state="1130800 0 5.10 3200 1199600" pos="626.52" speed="0.01" posLat="0.00"/>
    <vehicle id="idm_highway_inflow_00.628" type="human" depart="1103.77" departLane="free" departSpeed="24.10" route="routehighway_0_0" speedFactor="0.93" state="1132400 0 5.10 2400 1199600" pos="619.57" speed="0.00" posLat="0.00"/>
    <vehicle id="idm_highway_inflow_00.629" type="human" depart="1105.52" departLane="free" departSpeed="24.10" route="routehighway_0_0" speedFactor="0.90" state="1134000 0 5.10 3200 1199600" pos="612.70" speed="0.00" posLat="0.00"/>
    <vehicle id="idm_highway_inflow_00.630" type="human" depart="1107.28" departLane="free" departSpeed="24.10" route="routehighway_0_0" speedFactor="1.03" state="1135600 0 5.10 2400 1199600" pos="605.75" speed="0.00" posLat="0.00"/>
    <vehicle id="idm_highway_inflow_00.631" type="human" depart="1109.04" departLane="free" departSpeed="24.10" route="routehighway_0_0" speedFactor="1.05" state="1137200 0 5.10 800 1199600" pos="598.88" speed="0.00" posLat="0.00"/>
    <vehicle id="idm_highway_inflow_00.632" type="human" depart="1110.79" departLane="free" departSpeed="24.10" route="routehighway_0_0" speedFactor="1.22" state="1138800 0 5.10 0 1199600" pos="591.74" speed="0.63" posLat="0.00"/>
    <vehicle id="idm_highway_inflow_00.633" type="human" depart="1112.55" departLane="free" departSpeed="24.10" route="routehighway_0_0" speedFactor="1.01" state="1140400 0 5.10 0 1199600" pos="582.93" speed="2.29" posLat="0.00"/>
    <vehicle id="idm_highway_inflow_00.634" type="human" depart="1114.30" departLane="free" departSpeed="24.10" route="routehighway_0_0" speedFactor="1.03" state="1142000 0 5.10 0 1199600" pos="571.26" speed="5.00" posLat="0.00"/>
    <vehicle id="idm_highway_inflow_00.635" type="human" depart="1116.06" departLane="free" departSpeed="24.10" route="routehighway_0_0" speedFactor="1.13" state="1143600 0 5.10 0 1199600" pos="554.93" speed="8.45" posLat="0.00"/>
    <vehicle id="idm_highway_inflow_00.636" type="human" depart="1117.82" departLane="free" departSpeed="24.10" route="routehighway_0_0" speedFactor="1.02" state="1145200 0 5.10 0 1199600" pos="533.31" speed="12.18" posLat="0.00"/>
    <vehicle id="idm_highway_inflow_00.637" type="human" depart="1119.57" departLane="free" departSpeed="24.10" route="routehighway_0_0" speedFactor="0.99" state="1146800 0 5.10 0 1199600" pos="507.94" speed="13.52" posLat="0.00"/>
    <vehicle id="idm_highway_inflow_00.638" type="human" depart="1121.33" departLane="free" departSpeed="24.10" route="routehighway_0_0" speedFactor="1.05" state="1148400 0 5.10 0 1199600" pos="482.57" speed="12.51" posLat="0.00"/>
    <vehicle id="idm_highway_inflow_00.639" type="human" depart="1123.08" departLane="free" departSpeed="24.10" route="routehighway_0_0" speedFactor="0.98" state="1150000 0 5.10 0 1199600" pos="459.20" speed="11.27" posLat="0.00"/>
    <vehicle id="idm_highway_inflow_00.640" type="human" depart="1124.84" departLane="free" departSpeed="24.10" route="routehighway_0_0" speedFactor="0.93" state="1151600 0 5.10 0 1199600" pos="439.61" speed="10.32" posLat="0.00"/>
    <vehicle id="idm_highway_inflow_00.641" type="human" depart="1126.60" departLane="free" departSpeed="24.10" route="routehighway_0_0" speedFactor="1.06" state="1153200 0 5.10 0 1199600" pos="419.21" speed="9.18" posLat="0.00"/>
    <vehicle id="idm_highway_inflow_00.642" type="human" depart="1128.35" departLane="free" departSpeed="24.10" route="routehighway_0_0" speedFactor="1.10" state="1154800 0 5.10 0 1199600" pos="399.18" speed="7.67" posLat="0.00"/>
    <vehicle id="idm_highway_inflow_00.643" type="human" depart="1130.11" departLane="free" departSpeed="24.10" route="routehighway_0_0" speedFactor="0.95" state="1156400 0 5.10 0 1199600" pos="381.23" speed="6.33" posLat="0.00"/>
    <vehicle id="idm_highway_inflow_00.644" type="human" depart="1131.86" departLane="free" departSpeed="24.10" route="routehighway_0_0" speedFactor="0.91" state="1157600 0 5.10 0 1199600" pos="366.05" speed="4.83" posLat="0.00"/>
    <vehicle id="idm_highway_inflow_00.645" type="human" depart="1133.62" departLane="free" departSpeed="24.10" route="routehighway_0_0" speedFactor="0.84" state="1159200 0 5.10 0 1199600" pos="353.61" speed="3.38" posLat="0.00"/>
    <vehicle id="idm_highway_inflow_00.646" type="human" depart="1135.38" departLane="free" departSpeed="24.10" route="routehighway_0_0" speedFactor="1.04" state="1160800 0 5.10 0 1199600" pos="342.75" speed="1.88" posLat="0.00"/>
    <vehicle id="idm_highway_inflow_00.647" type="human" depart="1137.13" departLane="free" departSpeed="24.10" route="routehighway_0_0" speedFactor="0.97" state="1162400 0 5.10 0 1199600" pos="334.20" speed="0.90" posLat="0.00"/>
    <vehicle id="idm_highway_inflow_00.648" type="human" depart="1138.89" departLane="free" departSpeed="24.10" route="routehighway_0_0" speedFactor="0.96" state="1164000 0 5.10 15200 1199600" pos="326.80" speed="0.05" posLat="0.00"/>
    <vehicle id="idm_highway_inflow_00.649" type="human" depart="1140.64" departLane="free" departSpeed="24.10" route="routehighway_0_0" speedFactor="0.81" state="1165600 0 5.10 14000 1199600" pos="319.91" speed="0.00" posLat="0.00"/>
    <vehicle id="idm_highway_inflow_00.650" type="human" depart="1142.40" departLane="free" departSpeed="24.10" route="routehighway_0_0" speedFactor="1.04" state="1167200 0 5.10 3600 1199600" pos="313.01" speed="0.00" posLat="0.00"/>
    <vehicle id="idm_highway_inflow_00.651" type="human" depart="1144.16" departLane="free" departSpeed="24.10" route="routehighway_0_0" speedFactor="1.01" state="1168800 0 5.10 1600 1199600" pos="306.13" speed="0.00" posLat="0.00"/>
    <vehicle id="idm_highway_inflow_00.652" type="human" depart="1145.91" departLane="free" departSpeed="24.10" route="routehighway_0_0" speedFactor="0.97" state="1170400 0 5.10 2000 1199600" pos="299.20" speed="0.02" posLat="0.00"/>
    <vehicle id="idm_highway_inflow_00.653" type="human" depart="1147.67" departLane="free" departSpeed="24.10" route="routehighway_0_0" speedFactor="0.87" state="1172000 0 5.10 1200 1199600" pos="292.21" speed="0.05" posLat="0.00"/>
    <vehicle id="idm_highway_inflow_00.654" type="human" depart="1149.42" departLane="free" departSpeed="24.10" route="routehighway_0_0" speedFactor="1.00" state="1173600 0 5.10 3600 1199600" pos="285.31" speed="0.00" posLat="0.00"/>
    <vehicle id="idm_highway_inflow_00.655" type="human" depart="1151.18" departLane="free" departSpeed="24.10" route="routehighway_0_0" speedFactor="1.00" state="1175200 0 5.10 6400 1199600" pos="278.34" speed="0.04" posLat="0.00"/>
    <vehicle id="idm_highway_inflow_00.656" type="human" depart="1152.94" departLane="free" departSpeed="24.10" route="routehighway_0_0" speedFactor="1.10" state="1176800 0 5.10 5200 1199600" pos="271.51" speed="0.00" posLat="0.00"/>
    <vehicle id="idm_highway_inflow_00.657" type="human" depart="1154.69" departLane="free" departSpeed="24.10" route="routehighway_0_0" speedFactor="1.03" state="1178400 0 5.10 3200 1199600" pos="264.60" speed="0.02" posLat="0.00"/>
    <vehicle id="idm_highway_inflow_00.658" type="human" depart="1156.45" departLane="free" departSpeed="24.10" route="routehighway_0_0" speedFactor="0.88" state="1180000 0 5.10 2400 1199600" pos="257.71" speed="0.06" posLat="0.00"/>
    <vehicle id="idm_highway_inflow_00.659" type="human" depart="1158.20" departLane="free" departSpeed="24.10" route="routehighway_0_0" speedFactor="0.83" state="1181600 0 5.10 800 1199600" pos="250.84" speed="0.00" posLat="0.00"/>
    <vehicle id="idm_highway_inflow_00.660" type="human" depart="1159.96" departLane="free" departSpeed="24.10" route="routehighway_0_0" speedFactor="0.98" state="1183200 0 5.10 400 1199600" pos="243.87" speed="0.00" posLat="0.00"/>
    <vehicle id="idm_highway_inflow_00.661" type="human" depart="1161.72" departLane="free" departSpeed="24.10" route="routehighway_0_0" speedFactor="1.06" state="1184800 0 5.10 0 1199600" pos="236.23" speed="1.13" posLat="0.00"/>
    <vehicle id="idm_highway_inflow_00.662" type="human" depart="1163.47" departLane="free" departSpeed="24.10" route="routehighway_0_0" speedFactor="0.88" state="1186400 0 5.10 0 1199600" pos="226.67" speed="3.07" posLat="0.00"/>
    <vehicle id="idm_highway_inflow_00.663" type="human" depart="1165.23" departLane="free" departSpeed="24.10" route="routehighway_0_0" speedFactor="1.19" state="1188000 0 5.10 0 1199600" pos="214.18" speed="5.72" posLat="0.00"/>
    <vehicle id="idm_highway_inflow_00.664" type="human" depart="1166.98" departLane="free" departSpeed="24.10" route="routehighway_0_0" speedFactor="1.05" state="1189600 0 5.10 0 1199600" pos="197.96" speed="8.78" posLat="0.00"/>
    <vehicle id="idm_highway_inflow_00.665" type="human" depart="1168.74" departLane="free" departSpeed="24.10" route="routehighway_0_0" speedFactor="1.00" state="1191200 0 5.10 0 1199600" pos="177.46" speed="12.13" posLat="0.00"/>
    <vehicle id="idm_highway_inflow_00.666" type="human" depart="1170.50" departLane="free" departSpeed="24.10" route="routehighway_0_0" speedFactor="1.06" state="1192800 0 5.10 0 1199600" pos="152.19" speed="15.77" posLat="0.00"/>
    <vehicle id="idm_highway_inflow_00.667" type="human" depart="1172.25" departLane="free" departSpeed="24.10" route="routehighway_0_0" speedFactor="1.07" state="1194400 0 5.10 0 1199600" pos="122.59" speed="18.96" posLat="0.00"/>
    <vehicle id="idm_highway_inflow_00.668" type="human" depart="1174.01" departLane="free" departSpeed="24.10" route="routehighway_0_0" speedFactor="0.94" state="1196000 0 5.10 0 1199600" pos="88.64" speed="21.64" posLat="0.00"/>
    <vehicle id="idm_highway_inflow_00.669" type="human" depart="1175.76" departLane="free" departSpeed="24.10" route="routehighway_0_0" speedFactor="1.00" state="1197600 0 5.10 0 1199600" pos="52.31" speed="22.92" posLat="0.00"/>
    <vehicle id="idm_highway_inflow_00.670" type="human" depart="1177.52" departLane="free" departSpeed="24.10" route="routehighway_0_0" speedFactor="1.07" state="1199200 0 5.10 0 1199600" pos="14.71" speed="23.97" posLat="0.00"/>
    <vehicle id="idm_highway_inflow_00.671" type="human" depart="1179.28" departLane="free" departSpeed="24.10" route="routehighway_0_0" speedFactor="1.14" state="9223372036854775807 0 -1.00 0 0" pos="5.10" speed="0.00" posLat="0.00"/>
    <vehicle id="idm_highway_inflow_00.672" type="human" depart="1181.03" departLane="free" departSpeed="24.10" route="routehighway_0_0" speedFactor="0.88" state="9223372036854775807 0 -1.00 0 0" pos="0.00" speed="0.00" posLat="0.00"/>
    <vehicle id="idm_highway_inflow_00.673" type="human" depart="1182.79" departLane="free" departSpeed="24.10" route="routehighway_0_0" speedFactor="1.02" state="9223372036854775807 0 -1.00 0 0" pos="0.00" speed="0.00" posLat="0.00"/>
    <vehicle id="idm_highway_inflow_00.674" type="human" depart="1184.54" departLane="free" departSpeed="24.10" route="routehighway_0_0" speedFactor="0.89" state="9223372036854775807 0 -1.00 0 0" pos="0.00" speed="0.00" posLat="0.00"/>
    <vehicle id="idm_highway_inflow_00.675" type="human" depart="1186.30" departLane="free" departSpeed="24.10" route="routehighway_0_0" speedFactor="1.18" state="9223372036854775807 0 -1.00 0 0" pos="0.00" speed="0.00" posLat="0.00"/>
    <vehicle id="idm_highway_inflow_00.676" type="human" depart="1188.06" departLane="free" departSpeed="24.10" route="routehighway_0_0" speedFactor="1.13" state="9223372036854775807 0 -1.00 0 0" pos="0.00" speed="0.00" posLat="0.00"/>
    <vehicle id="idm_highway_inflow_00.677" type="human" depart="1189.81" departLane="free" departSpeed="24.10" route="routehighway_0_0" speedFactor="1.02" state="9223372036854775807 0 -1.00 0 0" pos="0.00" speed="0.00" posLat="0.00"/>
    <vehicle id="idm_highway_inflow_00.678" type="human" depart="1191.57" departLane="free" departSpeed="24.10" route="routehighway_0_0" speedFactor="0.99" state="9223372036854775807 0 -1.00 0 0" pos="0.00" speed="0.00" posLat="0.00"/>
    <vehicle id="idm_highway_inflow_00.679" type="human" depart="1193.32" departLane="free" departSpeed="24.10" route="routehighway_0_0" speedFactor="0.99" state="9223372036854775807 0 -1.00 0 0" pos="0.00" speed="0.00" posLat="0.00"/>
    <vehicle id="idm_highway_inflow_00.680" type="human" depart="1195.08" departLane="free" departSpeed="24.10" route="routehighway_0_0" speedFactor="1.02" state="9223372036854775807 0 -1.00 0 0" pos="0.00" speed="0.00" posLat="0.00"/>
    <vehicle id="idm_highway_inflow_00.681" type="human" depart="1196.84" departLane="free" departSpeed="24.10" route="routehighway_0_0" speedFactor="1.13" state="9223372036854775807 0 -1.00 0 0" pos="0.00" speed="0.00" posLat="0.00"/>
    <vehicle id="idm_highway_inflow_00.682" type="human" depart="1198.59" departLane="free" departSpeed="24.10" route="routehighway_0_0" speedFactor="0.97" state="9223372036854775807 0 -1.00 0 0" pos="0.00" speed="0.00" posLat="0.00"/>
    <lane id=":edge_1_0_0">
        <vehicles value=""/>
    </lane>
    <lane id=":edge_2_0_0">
        <vehicles value=""/>
    </lane>
    <lane id="highway_0_0">
        <vehicles value="idm_highway_inflow_00.670 idm_highway_inflow_00.669 idm_highway_inflow_00.668 idm_highway_inflow_00.667 idm_highway_inflow_00.666 idm_highway_inflow_00.665 idm_highway_inflow_00.664 idm_highway_inflow_00.663 idm_highway_inflow_00.662 idm_highway_inflow_00.661 idm_highway_inflow_00.660 idm_highway_inflow_00.659 idm_highway_inflow_00.658 idm_highway_inflow_00.657 idm_highway_inflow_00.656 idm_highway_inflow_00.655 idm_highway_inflow_00.654 idm_highway_inflow_00.653 idm_highway_inflow_00.652 idm_highway_inflow_00.651 idm_highway_inflow_00.650 idm_highway_inflow_00.649 idm_highway_inflow_00.648 idm_highway_inflow_00.647 idm_highway_inflow_00.646 idm_highway_inflow_00.645 idm_highway_inflow_00.644 idm_highway_inflow_00.643 idm_highway_inflow_00.642 idm_highway_inflow_00.641 idm_highway_inflow_00.640 idm_highway_inflow_00.639 idm_highway_inflow_00.638 idm_highway_inflow_00.637 idm_highway_inflow_00.636 idm_highway_inflow_00.635 idm_highway_inflow_00.634 idm_highway_inflow_00.633 idm_highway_inflow_00.632 idm_highway_inflow_00.631 idm_highway_inflow_00.630 idm_highway_inflow_00.629 idm_highway_inflow_00.628 idm_highway_inflow_00.627 idm_highway_inflow_00.626 idm_highway_inflow_00.625 idm_highway_inflow_00.624 idm_highway_inflow_00.623 idm_highway_inflow_00.622 idm_highway_inflow_00.621 idm_highway_inflow_00.620 idm_highway_inflow_00.619 idm_highway_inflow_00.618 idm_highway_inflow_00.617 idm_highway_inflow_00.616 idm_highway_inflow_00.615 idm_highway_inflow_00.614 idm_highway_inflow_00.613 idm_highway_inflow_00.612 idm_highway_inflow_00.611 idm_highway_inflow_00.610 idm_highway_inflow_00.609 idm_highway_inflow_00.608 idm_highway_inflow_00.607 idm_highway_inflow_00.606 idm_highway_inflow_00.605 idm_highway_inflow_00.604 idm_highway_inflow_00.603 idm_highway_inflow_00.602 idm_highway_inflow_00.601 idm_highway_inflow_00.600 idm_highway_inflow_00.599 idm_highway_inflow_00.598 idm_highway_inflow_00.597 idm_highway_inflow_00.596 idm_highway_inflow_00.595 idm_highway_inflow_00.594 idm_highway_inflow_00.593 idm_highway_inflow_00.592"/>
    </lane>
    <lane id="highway_1_0">
        <vehicles value="idm_highway_inflow_00.591 idm_highway_inflow_00.590 idm_highway_inflow_00.589 idm_highway_inflow_00.588 idm_highway_inflow_00.587 idm_highway_inflow_00.586 idm_highway_inflow_00.585 idm_highway_inflow_00.584 idm_highway_inflow_00.583 idm_highway_inflow_00.582 idm_highway_inflow_00.581 idm_highway_inflow_00.580 idm_highway_inflow_00.579 idm_highway_inflow_00.578 idm_highway_inflow_00.577 idm_highway_inflow_00.576 idm_highway_inflow_00.575 idm_highway_inflow_00.574 idm_highway_inflow_00.573 idm_highway_inflow_00.572 idm_highway_inflow_00.571 idm_highway_inflow_00.570 idm_highway_inflow_00.569 idm_highway_inflow_00.568 idm_highway_inflow_00.567 idm_highway_inflow_00.566 idm_highway_inflow_00.565 idm_highway_inflow_00.564 idm_highway_inflow_00.563 idm_highway_inflow_00.562 idm_highway_inflow_00.561 idm_highway_inflow_00.560 idm_highway_inflow_00.559 idm_highway_inflow_00.558 idm_highway_inflow_00.557 idm_highway_inflow_00.556 idm_highway_inflow_00.555 idm_highway_inflow_00.554 idm_highway_inflow_00.553 idm_highway_inflow_00.552 idm_highway_inflow_00.551 idm_highway_inflow_00.550 idm_highway_inflow_00.549 idm_highway_inflow_00.548 idm_highway_inflow_00.547 idm_highway_inflow_00.546 idm_highway_inflow_00.545 idm_highway_inflow_00.544 idm_highway_inflow_00.543 idm_highway_inflow_00.542 idm_highway_inflow_00.541 idm_highway_inflow_00.540 idm_highway_inflow_00.539 idm_highway_inflow_00.538 idm_highway_inflow_00.537 idm_highway_inflow_00.536 idm_highway_inflow_00.535 idm_highway_inflow_00.534 idm_highway_inflow_00.533 idm_highway_inflow_00.532 idm_highway_inflow_00.531 idm_highway_inflow_00.530 idm_highway_inflow_00.529 idm_highway_inflow_00.528 idm_highway_inflow_00.527 idm_highway_inflow_00.526 idm_highway_inflow_00.525 idm_highway_inflow_00.524 idm_highway_inflow_00.523 idm_highway_inflow_00.522 idm_highway_inflow_00.521 idm_highway_inflow_00.520 idm_highway_inflow_00.519 idm_highway_inflow_00.518 idm_highway_inflow_00.517 idm_highway_inflow_00.516 idm_highway_inflow_00.515 idm_highway_inflow_00.514 idm_highway_inflow_00.513 idm_highway_inflow_00.512 idm_highway_inflow_00.511 idm_highway_inflow_00.510 idm_highway_inflow_00.509 idm_highway_inflow_00.508 idm_highway_inflow_00.507 idm_highway_inflow_00.506 idm_highway_inflow_00.505 idm_highway_inflow_00.504 idm_highway_inflow_00.503 idm_highway_inflow_00.502"/>
    </lane>
    <lane id="highway_end_0">
        <vehicles value="idm_highway_inflow_00.501 idm_highway_inflow_00.500 idm_highway_inflow_00.499 idm_highway_inflow_00.498 idm_highway_inflow_00.497 idm_highway_inflow_00.496 idm_highway_inflow_00.495 idm_highway_inflow_00.494 idm_highway_inflow_00.493 idm_highway_inflow_00.492 idm_highway_inflow_00.491 idm_highway_inflow_00.490 idm_highway_inflow_00.489 idm_highway_inflow_00.488 idm_highway_inflow_00.487 idm_highway_inflow_00.486 idm_highway_inflow_00.485 idm_highway_inflow_00.484 idm_highway_inflow_00.483 idm_highway_inflow_00.482 idm_highway_inflow_00.481 idm_highway_inflow_00.480 idm_highway_inflow_00.479"/>
    </lane>
</snapshot>
