<?xml version="1.0" encoding="UTF-8"?>

<!-- generated on Tue Jan 19 19:06:46 2021 by Eclipse SUMO Version 1.1.0
<configuration xmlns:xsi="http://www.w3.org/2001/XMLSchema-instance" xsi:noNamespaceSchemaLocation="http://sumo.dlr.de/xsd/sumoConfiguration.xsd">

    <input>
        <net-file value="/tmp/flow/debug/cfg/highway-single_20210119-1905381611111938.7408814.net.xml"/>
        <route-files value="/tmp/flow/debug/cfg/highway-single_20210119-1905381611111938.7408814.rou.xml"/>
        <additional-files value="/tmp/flow/debug/cfg/highway-single_20210119-1905381611111938.7408814.add.xml"/>
    </input>

    <output>
        <save-state.times value="1200"/>
        <save-state.files value="warmup/highway/43.xml"/>
    </output>

    <time>
        <begin value="0"/>
        <step-length value="0.4"/>
    </time>

    <processing>
        <step-method.ballistic value="true"/>
        <collision.check-junctions value="true"/>
        <time-to-teleport value="-1"/>
    </processing>

    <report>
        <no-step-log value="true"/>
    </report>

    <traci_server>
        <remote-port value="45229"/>
        <num-clients value="1"/>
    </traci_server>

    <gui_only>
        <gui-settings-file value="/tmp/flow/debug/cfg/highway-single_20210119-1905381611111938.7408814.gui.cfg"/>
        <tracker-interval value="0.4"/>
    </gui_only>

</configuration>
-->

<snapshot xmlns:xsi="http://www.w3.org/2001/XMLSchema-instance" xsi:noNamespaceSchemaLocation="http://sumo.dlr.de/xsd/state_file.xsd" version="1.1.0" time="1200.00">
    <route id="routehighway_0_0" state="1" edges="highway_0 highway_1 highway_end"/>
    <route id="routehighway_1_0" state="1" edges="highway_1 highway_end"/>
    <route id="routehighway_end_0" state="1" edges="highway_end"/>
    <flowState id="idm_highway_inflow_00" index="683"/>
    <delay number="161" begin="683" end="522" depart="0.00" time="109934.80"/>
    <vType id="DEFAULT_BIKETYPE" vClass="bicycle"/>
    <vType id="DEFAULT_PEDTYPE" vClass="pedestrian"/>
    <vType id="DEFAULT_VEHTYPE"/>
    <vType id="human" minGap="0.50" maxSpeed="30.00" speedFactor="normc(1.00,0.10,0.20,2.00)" impatience="0.50" laneChangeModel="LC2013" lcStrategic="1.0" lcCooperative="1.0" lcSpeedGain="1.0" lcKeepRight="1.0" carFollowModel="IDM" accel="2.6" decel="4.5" tau="1.0"/>
    <vehicle id="idm_highway_inflow_00.522" type="human" depart="917.63" departLane="free" departSpeed="24.10" route="routehighway_0_0" speedFactor="0.86" state="917600 2 5.10 0 1199600" pos="290.91" speed="7.00" posLat="0.00"/>
    <vehicle id="idm_highway_inflow_00.523" type="human" depart="919.39" departLane="free" departSpeed="24.10" route="routehighway_0_0" speedFactor="0.98" state="919200 2 5.10 0 1199600" pos="276.81" speed="7.00" posLat="0.00"/>
    <vehicle id="idm_highway_inflow_00.524" type="human" depart="921.14" departLane="free" departSpeed="24.10" route="routehighway_0_0" speedFactor="0.97" state="920800 2 5.10 0 1199600" pos="262.54" speed="6.98" posLat="0.00"/>
    <vehicle id="idm_highway_inflow_00.525" type="human" depart="922.90" departLane="free" departSpeed="24.10" route="routehighway_0_0" speedFactor="1.02" state="922800 2 5.10 0 1199600" pos="248.34" speed="6.91" posLat="0.00"/>
    <vehicle id="idm_highway_inflow_00.526" type="human" depart="924.66" departLane="free" departSpeed="24.10" route="routehighway_0_0" speedFactor="0.99" state="924400 2 5.10 0 1199600" pos="234.40" speed="6.93" posLat="0.00"/>
    <vehicle id="idm_highway_inflow_00.527" type="human" depart="926.41" departLane="free" departSpeed="24.10" route="routehighway_0_0" speedFactor="1.01" state="926400 2 5.10 0 1199600" pos="219.98" speed="7.00" posLat="0.00"/>
    <vehicle id="idm_highway_inflow_00.528" type="human" depart="928.17" departLane="free" departSpeed="24.10" route="routehighway_0_0" speedFactor="1.02" state="928000 2 5.10 0 1199600" pos="205.72" speed="6.86" posLat="0.00"/>
    <vehicle id="idm_highway_inflow_00.529" type="human" depart="929.92" departLane="free" departSpeed="24.10" route="routehighway_0_0" speedFactor="0.99" state="929600 2 5.10 0 1199600" pos="191.67" speed="6.79" posLat="0.00"/>
    <vehicle id="idm_highway_inflow_00.530" type="human" depart="931.68" departLane="free" departSpeed="24.10" route="routehighway_0_0" speedFactor="1.21" state="931600 2 5.10 0 1199600" pos="177.59" speed="6.89" posLat="0.00"/>
    <vehicle id="idm_highway_inflow_00.531" type="human" depart="933.44" departLane="free" departSpeed="24.10" route="routehighway_0_0" speedFactor="1.02" state="933200 2 5.10 0 1199600" pos="163.50" speed="6.76" posLat="0.00"/>
    <vehicle id="idm_highway_inflow_00.532" type="human" depart="935.19" departLane="free" departSpeed="24.10" route="routehighway_0_0" speedFactor="0.97" state="934800 2 5.10 0 1199600" pos="149.56" speed="6.81" posLat="0.00"/>
    <vehicle id="idm_highway_inflow_00.533" type="human" depart="936.95" departLane="free" departSpeed="24.10" route="routehighway_0_0" speedFactor="0.99" state="936800 2 5.10 0 1199600" pos="135.62" speed="7.00" posLat="0.00"/>
    <vehicle id="idm_highway_inflow_00.534" type="human" depart="938.70" departLane="free" departSpeed="24.10" route="routehighway_0_0" speedFactor="1.04" state="938400 2 5.10 0 1199600" pos="121.38" speed="6.91" posLat="0.00"/>
    <vehicle id="idm_highway_inflow_00.535" type="human" depart="940.46" departLane="free" departSpeed="24.10" route="routehighway_0_0" speedFactor="0.86" state="940400 2 5.10 0 1199600" pos="107.44" speed="6.80" posLat="0.00"/>
    <vehicle id="idm_highway_inflow_00.536" type="human" depart="942.22" departLane="free" departSpeed="24.10" route="routehighway_0_0" speedFactor="0.95" state="942000 2 5.10 0 1199600" pos="93.65" speed="6.73" posLat="0.00"/>
    <vehicle id="idm_highway_inflow_00.537" type="human" depart="943.97" departLane="free" departSpeed="24.10" route="routehighway_0_0" speedFactor="0.85" state="943600 2 5.10 0 1199600" pos="79.61" speed="6.73" posLat="0.00"/>
    <vehicle id="idm_highway_inflow_00.538" type="human" depart="945.73" departLane="free" departSpeed="24.10" route="routehighway_0_0" speedFactor="0.93" state="945600 2 5.10 0 1199600" pos="65.70" speed="6.93" posLat="0.00"/>
    <vehicle id="idm_highway_inflow_00.539" type="human" depart="947.48" departLane="free" departSpeed="24.10" route="routehighway_0_0" speedFactor="1.10" state="947200 2 5.10 0 1199600" pos="51.87" speed="6.62" posLat="0.00"/>
    <vehicle id="idm_highway_inflow_00.540" type="human" depart="949.24" departLane="free" departSpeed="24.10" route="routehighway_0_0" speedFactor="1.17" state="949200 2 5.10 0 1199600" pos="38.45" speed="6.62" posLat="0.00"/>
    <vehicle id="idm_highway_inflow_00.541" type="human" depart="951.00" departLane="free" departSpeed="24.10" route="routehighway_0_0" speedFactor="1.12" state="950800 2 5.10 0 1199600" pos="24.92" speed="6.70" posLat="0.00"/>
    <vehicle id="idm_highway_inflow_00.542" type="human" depart="952.75" departLane="free" departSpeed="24.10" route="routehighway_0_0" speedFactor="1.02" state="952400 2 5.10 0 1199600" pos="10.94" speed="6.83" posLat="0.00"/>
    <vehicle id="idm_highway_inflow_00.543" type="human" depart="954.51" departLane="free" departSpeed="24.10" route="routehighway_0_0" speedFactor="0.90" state="954400 1 5.10 0 1199600" pos="1247.00" speed="6.91" posLat="0.00"/>
    <vehicle id="idm_highway_inflow_00.544" type="human" depart="956.26" departLane="free" departSpeed="24.10" route="routehighway_0_0" speedFactor="1.01" state="956000 1 5.10 0 1199600" pos="1233.04" speed="6.78" posLat="0.00"/>
    <vehicle id="idm_highway_inflow_00.545" type="human" depart="958.02" departLane="free" departSpeed="24.10" route="routehighway_0_0" speedFactor="1.04" state="958000 1 5.10 0 1199600" pos="1219.39" speed="6.78" posLat="0.00"/>
    <vehicle id="idm_highway_inflow_00.546" type="human" depart="959.78" departLane="free" departSpeed="24.10" route="routehighway_0_0" speedFactor="0.98" state="959600 1 5.10 0 1199600" pos="1205.34" speed="6.94" posLat="0.00"/>
    <vehicle id="idm_highway_inflow_00.547" type="human" depart="961.53" departLane="free" departSpeed="24.10" route="routehighway_0_0" speedFactor="1.00" state="961200 1 5.10 0 1199600" pos="1191.28" speed="7.15" posLat="0.00"/>
    <vehicle id="idm_highway_inflow_00.548" type="human" depart="963.29" departLane="free" departSpeed="24.10" route="routehighway_0_0" speedFactor="1.17" state="963200 1 5.10 0 1199600" pos="1176.64" speed="6.79" posLat="0.00"/>
    <vehicle id="idm_highway_inflow_00.549" type="human" depart="965.04" departLane="free" departSpeed="24.10" route="routehighway_0_0" speedFactor="0.96" state="964800 1 5.10 0 1199600" pos="1163.00" speed="6.48" posLat="0.00"/>
    <vehicle id="idm_highway_inflow_00.550" type="human" depart="966.80" departLane="free" departSpeed="24.10" route="routehighway_0_0" speedFactor="0.97" state="966800 1 5.10 0 1199600" pos="1149.40" speed="6.63" posLat="0.00"/>
    <vehicle id="idm_highway_inflow_00.551" type="human" depart="968.56" departLane="free" departSpeed="24.10" route="routehighway_0_0" speedFactor="0.89" state="968400 1 5.10 0 1199600" pos="1135.98" speed="6.54" posLat="0.00"/>
    <vehicle id="idm_highway_inflow_00.552" type="human" depart="970.31" departLane="free" departSpeed="24.10" route="routehighway_0_0" speedFactor="1.02" state="970000 1 5.10 0 1199600" pos="1122.15" speed="6.77" posLat="0.00"/>
    <vehicle id="idm_highway_inflow_00.553" type="human" depart="972.07" departLane="free" departSpeed="24.10" route="routehighway_0_0" speedFactor="0.84" state="972000 1 5.10 0 1199600" pos="1108.44" speed="6.84" posLat="0.00"/>
    <vehicle id="idm_highway_inflow_00.554" type="human" depart="973.82" departLane="free" departSpeed="24.10" route="routehighway_0_0" speedFactor="0.90" state="973600 1 5.10 0 1199600" pos="1094.37" speed="7.09" posLat="0.00"/>
    <vehicle id="idm_highway_inflow_00.555" type="human" depart="975.58" departLane="free" departSpeed="24.10" route="routehighway_0_0" speedFactor="1.13" state="975200 1 5.10 0 1199600" pos="1080.30" speed="7.21" posLat="0.00"/>
    <vehicle id="idm_highway_inflow_00.556" type="human" depart="977.34" departLane="free" departSpeed="24.10" route="routehighway_0_0" speedFactor="1.00" state="977200 1 5.10 0 1199600" pos="1066.20" speed="6.98" posLat="0.00"/>
    <vehicle id="idm_highway_inflow_00.557" type="human" depart="979.09" departLane="free" departSpeed="24.10" route="routehighway_0_0" speedFactor="0.96" state="978800 1 5.10 0 1199600" pos="1052.11" speed="7.10" posLat="0.00"/>
    <vehicle id="idm_highway_inflow_00.558" type="human" depart="980.85" departLane="free" departSpeed="24.10" route="routehighway_0_0" speedFactor="0.99" state="980800 1 5.10 0 1199600" pos="1037.96" speed="6.83" posLat="0.00"/>
    <vehicle id="idm_highway_inflow_00.559" type="human" depart="982.60" departLane="free" departSpeed="24.10" route="routehighway_0_0" speedFactor="0.93" state="982400 1 5.10 0 1199600" pos="1024.30" speed="6.75" posLat="0.00"/>
    <vehicle id="idm_highway_inflow_00.560" type="human" depart="984.36" departLane="free" departSpeed="24.10" route="routehighway_0_0" speedFactor="1.13" state="984000 1 5.10 0 1199600" pos="1010.52" speed="6.48" posLat="0.00"/>
    <vehicle id="idm_highway_inflow_00.561" type="human" depart="986.12" departLane="free" departSpeed="24.10" route="routehighway_0_0" speedFactor="0.95" state="986000 1 5.10 0 1199600" pos="996.76" speed="6.53" posLat="0.00"/>
    <vehicle id="idm_highway_inflow_00.562" type="human" depart="987.87" departLane="free" departSpeed="24.10" route="routehighway_0_0" speedFactor="0.99" state="987600 1 5.10 0 1199600" pos="983.15" speed="6.56" posLat="0.00"/>
    <vehicle id="idm_highway_inflow_00.563" type="human" depart="989.63" departLane="free" departSpeed="24.10" route="routehighway_0_0" speedFactor="1.00" state="989600 1 5.10 0 1199600" pos="969.68" speed="6.77" posLat="0.00"/>
    <vehicle id="idm_highway_inflow_00.564" type="human" depart="991.38" departLane="free" departSpeed="24.10" route="routehighway_0_0" speedFactor="0.83" state="991200 1 5.10 0 1199600" pos="955.73" speed="6.87" posLat="0.00"/>
    <vehicle id="idm_highway_inflow_00.565" type="human" depart="993.14" departLane="free" departSpeed="24.10" route="routehighway_0_0" speedFactor="0.98" state="992800 1 5.10 0 1199600" pos="941.23" speed="7.34" posLat="0.00"/>
    <vehicle id="idm_highway_inflow_00.566" type="human" depart="994.90" departLane="free" departSpeed="24.10" route="routehighway_0_0" speedFactor="0.93" state="994800 1 5.10 0 1199600" pos="927.12" speed="7.12" posLat="0.00"/>
    <vehicle id="idm_highway_inflow_00.567" type="human" depart="996.65" departLane="free" departSpeed="24.10" route="routehighway_0_0" speedFactor="1.07" state="996400 1 5.10 0 1199600" pos="913.07" speed="6.98" posLat="0.00"/>
    <vehicle id="idm_highway_inflow_00.568" type="human" depart="998.41" departLane="free" departSpeed="24.10" route="routehighway_0_0" speedFactor="0.86" state="998400 1 5.10 0 1199600" pos="899.23" speed="6.82" posLat="0.00"/>
    <vehicle id="idm_highway_inflow_00.569" type="human" depart="1000.16" departLane="free" departSpeed="24.10" route="routehighway_0_0" speedFactor="0.86" state="1000000 1 5.10 0 1199600" pos="885.47" speed="6.37" posLat="0.00"/>
    <vehicle id="idm_highway_inflow_00.570" type="human" depart="1001.92" departLane="free" departSpeed="24.10" route="routehighway_0_0" speedFactor="1.24" state="1001600 1 5.10 0 1199600" pos="872.35" speed="6.23" posLat="0.00"/>
    <vehicle id="idm_highway_inflow_00.571" type="human" depart="1003.68" departLane="free" departSpeed="24.10" route="routehighway_0_0" speedFactor="1.03" state="1003600 1 5.10 0 1199600" pos="859.30" speed="6.00" posLat="0.00"/>
    <vehicle id="idm_highway_inflow_00.572" type="human" depart="1005.43" departLane="free" departSpeed="24.10" route="routehighway_0_0" speedFactor="1.06" state="1005200 1 5.10 0 1199600" pos="846.39" speed="6.37" posLat="0.00"/>
    <vehicle id="idm_highway_inflow_00.573" type="human" depart="1007.19" departLane="free" departSpeed="24.10" route="routehighway_0_0" speedFactor="0.93" state="1006800 1 5.10 0 1199600" pos="832.64" speed="7.06" posLat="0.00"/>
    <vehicle id="idm_highway_inflow_00.574" type="human" depart="1008.94" departLane="free" departSpeed="24.10" route="routehighway_0_0" speedFactor="0.90" state="1008800 1 5.10 0 1199600" pos="817.39" speed="8.33" posLat="0.00"/>
    <vehicle id="idm_highway_inflow_00.575" type="human" depart="1010.70" departLane="free" departSpeed="24.10" route="routehighway_0_0" speedFactor="0.97" state="1010400 1 5.10 0 1199600" pos="800.72" speed="9.65" posLat="0.00"/>
    <vehicle id="idm_highway_inflow_00.576" type="human" depart="1012.46" departLane="free" departSpeed="24.10" route="routehighway_0_0" speedFactor="1.02" state="1012400 1 5.10 0 1199600" pos="782.84" speed="10.62" posLat="0.00"/>
    <vehicle id="idm_highway_inflow_00.577" type="human" depart="1014.21" departLane="free" departSpeed="24.10" route="routehighway_0_0" speedFactor="0.97" state="1014000 1 5.10 0 1199600" pos="763.69" speed="11.37" posLat="0.00"/>
    <vehicle id="idm_highway_inflow_00.578" type="human" depart="1015.97" departLane="free" departSpeed="24.10" route="routehighway_0_0" speedFactor="0.98" state="1015600 1 5.10 0 1199600" pos="743.79" speed="11.14" posLat="0.00"/>
    <vehicle id="idm_highway_inflow_00.579" type="human" depart="1017.72" departLane="free" departSpeed="24.10" route="routehighway_0_0" speedFactor="0.93" state="1017600 1 5.10 0 1199600" pos="724.97" speed="10.64" posLat="0.00"/>
    <vehicle id="idm_highway_inflow_00.580" type="human" depart="1019.48" departLane="free" departSpeed="24.10" route="routehighway_0_0" speedFactor="0.95" state="1019200 1 5.10 0 1199600" pos="705.82" speed="9.60" posLat="0.00"/>
    <vehicle id="idm_highway_inflow_00.581" type="human" depart="1021.24" departLane="free" departSpeed="24.10" route="routehighway_0_0" speedFactor="0.98" state="1021200 1 5.10 0 1199600" pos="688.44" speed="8.95" posLat="0.00"/>
    <vehicle id="idm_highway_inflow_00.582" type="human" depart="1022.99" departLane="free" departSpeed="24.10" route="routehighway_0_0" speedFactor="0.92" state="1022800 1 5.10 0 1199600" pos="671.46" speed="7.83" posLat="0.00"/>
    <vehicle id="idm_highway_inflow_00.583" type="human" depart="1024.75" departLane="free" departSpeed="24.10" route="routehighway_0_0" speedFactor="1.07" state="1024400 1 5.10 0 1199600" pos="655.85" speed="6.84" posLat="0.00"/>
    <vehicle id="idm_highway_inflow_00.584" type="human" depart="1026.50" departLane="free" departSpeed="24.10" route="routehighway_0_0" speedFactor="1.12" state="1026400 1 5.10 0 1199600" pos="641.76" speed="6.19" posLat="0.00"/>
    <vehicle id="idm_highway_inflow_00.585" type="human" depart="1028.26" departLane="free" departSpeed="24.10" route="routehighway_0_0" speedFactor="1.00" state="1028000 1 5.10 0 1199600" pos="628.70" speed="5.38" posLat="0.00"/>
    <vehicle id="idm_highway_inflow_00.586" type="human" depart="1030.02" departLane="free" departSpeed="24.10" route="routehighway_0_0" speedFactor="1.09" state="1030000 1 5.10 0 1199600" pos="616.52" speed="4.85" posLat="0.00"/>
    <vehicle id="idm_highway_inflow_00.587" type="human" depart="1031.77" departLane="free" departSpeed="24.10" route="routehighway_0_0" speedFactor="1.01" state="1031600 1 5.10 0 1199600" pos="604.33" speed="4.65" posLat="0.00"/>
    <vehicle id="idm_highway_inflow_00.588" type="human" depart="1033.53" departLane="free" departSpeed="24.10" route="routehighway_0_0" speedFactor="0.95" state="1033200 1 5.10 0 1199600" pos="593.16" speed="3.78" posLat="0.00"/>
    <vehicle id="idm_highway_inflow_00.589" type="human" depart="1035.28" departLane="free" departSpeed="24.10" route="routehighway_0_0" speedFactor="0.93" state="1035200 1 5.10 0 1199600" pos="582.62" speed="3.54" posLat="0.00"/>
    <vehicle id="idm_highway_inflow_00.590" type="human" depart="1037.04" departLane="free" departSpeed="24.10" route="routehighway_0_0" speedFactor="1.06" state="1036800 1 5.10 0 1199600" pos="572.20" speed="3.60" posLat="0.00"/>
    <vehicle id="idm_highway_inflow_00.591" type="human" depart="1038.80" departLane="free" departSpeed="24.10" route="routehighway_0_0" speedFactor="1.06" state="1038400 1 5.10 0 1199600" pos="561.43" speed="4.03" posLat="0.00"/>
    <vehicle id="idm_highway_inflow_00.592" type="human" depart="1040.55" departLane="free" departSpeed="24.10" route="routehighway_0_0" speedFactor="1.25" state="1040400 1 5.10 0 1199600" pos="549.95" speed="5.01" posLat="0.00"/>
    <vehicle id="idm_highway_inflow_00.593" type="human" depart="1042.31" departLane="free" departSpeed="24.10" route="routehighway_0_0" speedFactor="1.06" state="1042000 1 5.10 0 1199600" pos="537.39" speed="5.85" posLat="0.00"/>
    <vehicle id="idm_highway_inflow_00.594" type="human" depart="1044.06" departLane="free" departSpeed="24.10" route="routehighway_0_0" speedFactor="1.05" state="1044000 1 5.10 0 1199600" pos="523.17" speed="7.20" posLat="0.00"/>
    <vehicle id="idm_highway_inflow_00.595" type="human" depart="1045.82" departLane="free" departSpeed="24.10" route="routehighway_0_0" speedFactor="1.12" state="1045600 1 5.10 0 1199600" pos="507.48" speed="8.44" posLat="0.00"/>
    <vehicle id="idm_highway_inflow_00.596" type="human" depart="1047.58" departLane="free" departSpeed="24.10" route="routehighway_0_0" speedFactor="0.97" state="1047200 1 5.10 0 1199600" pos="490.63" speed="8.92" posLat="0.00"/>
    <vehicle id="idm_highway_inflow_00.597" type="human" depart="1049.33" departLane="free" departSpeed="24.10" route="routehighway_0_0" speedFactor="0.93" state="1049200 1 5.10 0 1199600" pos="474.06" speed="8.52" posLat="0.00"/>
    <vehicle id="idm_highway_inflow_00.598" type="human" depart="1051.09" departLane="free" departSpeed="24.10" route="routehighway_0_0" speedFactor="1.11" state="1050800 1 5.10 0 1199600" pos="458.02" speed="7.74" posLat="0.00"/>
    <vehicle id="idm_highway_inflow_00.599" type="human" depart="1052.84" departLane="free" departSpeed="24.10" route="routehighway_0_0" speedFactor="0.87" state="1052800 1 5.10 0 1199600" pos="443.14" speed="6.65" posLat="0.00"/>
    <vehicle id="idm_highway_inflow_00.600" type="human" depart="1054.60" departLane="free" departSpeed="24.10" route="routehighway_0_0" speedFactor="1.00" state="1054400 1 5.10 0 1199600" pos="429.45" speed="6.17" posLat="0.00"/>
    <vehicle id="idm_highway_inflow_00.601" type="human" depart="1056.36" departLane="free" departSpeed="24.10" route="routehighway_0_0" speedFactor="0.99" state="1056000 1 5.10 0 1199600" pos="416.67" speed="5.66" posLat="0.00"/>
    <vehicle id="idm_highway_inflow_00.602" type="human" depart="1058.11" departLane="free" departSpeed="24.10" route="routehighway_0_0" speedFactor="1.05" state="1058000 1 5.10 0 1199600" pos="404.28" speed="5.67" posLat="0.00"/>
    <vehicle id="idm_highway_inflow_00.603" type="human" depart="1059.87" departLane="free" departSpeed="24.10" route="routehighway_0_0" speedFactor="1.00" state="1059600 1 5.10 0 1199600" pos="391.67" speed="5.92" posLat="0.00"/>
    <vehicle id="idm_highway_inflow_00.604" type="human" depart="1061.62" departLane="free" departSpeed="24.10" route="routehighway_0_0" speedFactor="0.90" state="1061600 1 5.10 0 1199600" pos="378.54" speed="6.72" posLat="0.00"/>
    <vehicle id="idm_highway_inflow_00.605" type="human" depart="1063.38" departLane="free" departSpeed="24.10" route="routehighway_0_0" speedFactor="0.92" state="1063200 1 5.10 0 1199600" pos="364.25" speed="7.64" posLat="0.00"/>
    <vehicle id="idm_highway_inflow_00.606" type="human" depart="1065.14" departLane="free" departSpeed="24.10" route="routehighway_0_0" speedFactor="0.95" state="1064800 1 5.10 0 1199600" pos="348.94" speed="8.78" posLat="0.00"/>
    <vehicle id="idm_highway_inflow_00.607" type="human" depart="1066.89" departLane="free" departSpeed="24.10" route="routehighway_0_0" speedFactor="0.94" state="1066800 1 5.10 0 1199600" pos="331.06" speed="10.44" posLat="0.00"/>
    <vehicle id="idm_highway_inflow_00.608" type="human" depart="1068.65" departLane="free" departSpeed="24.10" route="routehighway_0_0" speedFactor="0.93" state="1068400 1 5.10 0 1199600" pos="310.93" speed="12.11" posLat="0.00"/>
    <vehicle id="idm_highway_inflow_00.609" type="human" depart="1070.40" departLane="free" departSpeed="24.10" route="routehighway_0_0" speedFactor="1.06" state="1070400 1 5.10 0 1199600" pos="289.68" speed="13.03" posLat="0.00"/>
    <vehicle id="idm_highway_inflow_00.610" type="human" depart="1072.16" departLane="free" departSpeed="24.10" route="routehighway_0_0" speedFactor="1.05" state="1072000 1 5.10 0 1199600" pos="265.96" speed="13.18" posLat="0.00"/>
    <vehicle id="idm_highway_inflow_00.611" type="human" depart="1073.92" departLane="free" departSpeed="24.10" route="routehighway_0_0" speedFactor="1.13" state="1073600 1 5.10 0 1199600" pos="243.52" speed="12.78" posLat="0.00"/>
    <vehicle id="idm_highway_inflow_00.612" type="human" depart="1075.67" departLane="free" departSpeed="24.10" route="routehighway_0_0" speedFactor="1.02" state="1075600 1 5.10 0 1199600" pos="221.45" speed="12.18" posLat="0.00"/>
    <vehicle id="idm_highway_inflow_00.613" type="human" depart="1077.43" departLane="free" departSpeed="24.10" route="routehighway_0_0" speedFactor="0.96" state="1077200 1 5.10 0 1199600" pos="199.58" speed="11.24" posLat="0.00"/>
    <vehicle id="idm_highway_inflow_00.614" type="human" depart="1079.18" departLane="free" departSpeed="24.10" route="routehighway_0_0" speedFactor="1.14" state="1078800 1 5.10 0 1199600" pos="178.83" speed="10.12" posLat="0.00"/>
    <vehicle id="idm_highway_inflow_00.615" type="human" depart="1080.94" departLane="free" departSpeed="24.10" route="routehighway_0_0" speedFactor="1.00" state="1080800 1 5.10 0 1199600" pos="159.26" speed="8.92" posLat="0.00"/>
    <vehicle id="idm_highway_inflow_00.616" type="human" depart="1082.70" departLane="free" departSpeed="24.10" route="routehighway_0_0" speedFactor="1.01" state="1082400 1 5.10 0 1199600" pos="140.96" speed="7.22" posLat="0.00"/>
    <vehicle id="idm_highway_inflow_00.617" type="human" depart="1084.45" departLane="free" departSpeed="24.10" route="routehighway_0_0" speedFactor="1.11" state="1084400 1 5.10 0 1199600" pos="125.66" speed="5.94" posLat="0.00"/>
    <vehicle id="idm_highway_inflow_00.618" type="human" depart="1086.21" departLane="free" departSpeed="24.10" route="routehighway_0_0" speedFactor="1.00" state="1086000 1 5.10 0 1199600" pos="112.28" speed="4.79" posLat="0.00"/>
    <vehicle id="idm_highway_inflow_00.619" type="human" depart="1087.96" departLane="free" departSpeed="24.10" route="routehighway_0_0" speedFactor="0.90" state="1087600 1 5.10 0 1199600" pos="100.47" speed="4.06" posLat="0.00"/>
    <vehicle id="idm_highway_inflow_00.620" type="human" depart="1089.72" departLane="free" departSpeed="24.10" route="routehighway_0_0" speedFactor="1.18" state="1089600 1 5.10 0 1199600" pos="89.25" speed="3.09" posLat="0.00"/>
    <vehicle id="idm_highway_inflow_00.621" type="human" depart="1091.48" departLane="free" departSpeed="24.10" route="routehighway_0_0" speedFactor="1.02" state="1091200 1 5.10 0 1199600" pos="79.45" speed="2.11" posLat="0.00"/>
    <vehicle id="idm_highway_inflow_00.622" type="human" depart="1093.23" departLane="free" departSpeed="24.10" route="routehighway_0_0" speedFactor="1.02" state="1093200 1 5.10 0 1199600" pos="70.59" speed="1.69" posLat="0.00"/>
    <vehicle id="idm_highway_inflow_00.623" type="human" depart="1094.99" departLane="free" departSpeed="24.10" route="routehighway_0_0" speedFactor="1.13" state="1094800 1 5.10 0 1199600" pos="62.06" speed="1.73" posLat="0.00"/>
    <vehicle id="idm_highway_inflow_00.624" type="human" depart="1096.74" departLane="free" departSpeed="24.10" route="routehighway_0_0" speedFactor="1.10" state="1096400 1 5.10 0 1199600" pos="53.20" speed="2.37" posLat="0.00"/>
    <vehicle id="idm_highway_inflow_00.625" type="human" depart="1098.50" departLane="free" departSpeed="24.10" route="routehighway_0_0" speedFactor="1.08" state="1098400 1 5.10 0 1199600" pos="43.46" speed="3.38" posLat="0.00"/>
    <vehicle id="idm_highway_inflow_00.626" type="human" depart="1100.26" departLane="free" departSpeed="24.10" route="routehighway_0_0" speedFactor="1.05" state="1100000 1 5.10 0 1199600" pos="32.04" speed="4.94" posLat="0.00"/>
    <vehicle id="idm_highway_inflow_00.627" type="human" depart="1102.01" departLane="free" departSpeed="24.10" route="routehighway_0_0" speedFactor="0.90" state="1102000 1 5.10 0 1199600" pos="18.40" speed="6.84" posLat="0.00"/>
    <vehicle id="idm_highway_inflow_00.628" type="human" depart="1103.77" departLane="free" departSpeed="24.10" route="routehighway_0_0" speedFactor="0.93" state="1103600 1 5.10 0 1199600" pos="1.84" speed="9.09" posLat="0.00"/>
    <vehicle id="idm_highway_inflow_00.629" type="human" depart="1105.52" departLane="free" departSpeed="24.10" route="routehighway_0_0" speedFactor="0.90" state="1105200 0 5.10 0 1199600" pos="1233.03" speed="10.99" posLat="0.00"/>
    <vehicle id="idm_highway_inflow_00.630" type="human" depart="1107.28" departLane="free" departSpeed="24.10" route="routehighway_0_0" speedFactor="1.03" state="1107200 0 5.10 0 1199600" pos="1212.64" speed="11.17" posLat="0.00"/>
    <vehicle id="idm_highway_inflow_00.631" type="human" depart="1109.04" departLane="free" departSpeed="24.10" route="routehighway_0_0" speedFactor="1.05" state="1108800 0 5.10 0 1199600" pos="1193.41" speed="10.24" posLat="0.00"/>
    <vehicle id="idm_highway_inflow_00.632" type="human" depart="1110.79" departLane="free" departSpeed="24.10" route="routehighway_0_0" speedFactor="1.22" state="1110400 0 5.10 0 1199600" pos="1175.51" speed="9.11" posLat="0.00"/>
    <vehicle id="idm_highway_inflow_00.633" type="human" depart="1112.55" departLane="free" departSpeed="24.10" route="routehighway_0_0" speedFactor="1.01" state="1112400 0 5.10 0 1199600" pos="1158.65" speed="8.25" posLat="0.00"/>
    <vehicle id="idm_highway_inflow_00.634" type="human" depart="1114.30" departLane="free" departSpeed="24.10" route="routehighway_0_0" speedFactor="1.03" state="1114000 0 5.10 0 1199600" pos="1143.08" speed="7.48" posLat="0.00"/>
    <vehicle id="idm_highway_inflow_00.635" type="human" depart="1116.06" departLane="free" departSpeed="24.10" route="routehighway_0_0" speedFactor="1.13" state="1116000 0 5.10 0 1199600" pos="1128.70" speed="6.58" posLat="0.00"/>
    <vehicle id="idm_highway_inflow_00.636" type="human" depart="1117.82" departLane="free" departSpeed="24.10" route="routehighway_0_0" speedFactor="1.02" state="1117600 0 5.10 0 1199600" pos="1115.58" speed="5.70" posLat="0.00"/>
    <vehicle id="idm_highway_inflow_00.637" type="human" depart="1119.57" departLane="free" departSpeed="24.10" route="routehighway_0_0" speedFactor="0.99" state="1119200 0 5.10 0 1199600" pos="1102.92" speed="5.43" posLat="0.00"/>
    <vehicle id="idm_highway_inflow_00.638" type="human" depart="1121.33" departLane="free" departSpeed="24.10" route="routehighway_0_0" speedFactor="1.05" state="1121200 0 5.10 0 1199600" pos="1090.78" speed="5.36" posLat="0.00"/>
    <vehicle id="idm_highway_inflow_00.639" type="human" depart="1123.08" departLane="free" departSpeed="24.10" route="routehighway_0_0" speedFactor="0.98" state="1122800 0 5.10 0 1199600" pos="1077.79" speed="6.28" posLat="0.00"/>
    <vehicle id="idm_highway_inflow_00.640" type="human" depart="1124.84" departLane="free" departSpeed="24.10" route="routehighway_0_0" speedFactor="0.93" state="1124800 0 5.10 0 1199600" pos="1063.04" speed="7.91" posLat="0.00"/>
    <vehicle id="idm_highway_inflow_00.641" type="human" depart="1126.60" departLane="free" departSpeed="24.10" route="routehighway_0_0" speedFactor="1.06" state="1126400 0 5.10 0 1199600" pos="1045.54" speed="9.79" posLat="0.00"/>
    <vehicle id="idm_highway_inflow_00.642" type="human" depart="1128.35" departLane="free" departSpeed="24.10" route="routehighway_0_0" speedFactor="1.10" state="1128000 0 5.10 0 1199600" pos="1024.56" speed="12.31" posLat="0.00"/>
    <vehicle id="idm_highway_inflow_00.643" type="human" depart="1130.11" departLane="free" departSpeed="24.10" route="routehighway_0_0" speedFactor="0.95" state="1130000 0 5.10 0 1199600" pos="998.13" speed="15.73" posLat="0.00"/>
    <vehicle id="idm_highway_inflow_00.644" type="human" depart="1131.86" departLane="free" departSpeed="24.10" route="routehighway_0_0" speedFactor="0.91" state="1131600 0 5.10 0 1199600" pos="967.75" speed="18.79" posLat="0.00"/>
    <vehicle id="idm_highway_inflow_00.645" type="human" depart="1133.62" departLane="free" departSpeed="24.10" route="routehighway_0_0" speedFactor="0.84" state="1133600 0 5.10 0 1199600" pos="933.43" speed="21.33" posLat="0.00"/>
    <vehicle id="idm_highway_inflow_00.646" type="human" depart="1135.38" departLane="free" departSpeed="24.10" route="routehighway_0_0" speedFactor="1.04" state="1135200 0 5.10 0 1199600" pos="896.16" speed="22.47" posLat="0.00"/>
    <vehicle id="idm_highway_inflow_00.647" type="human" depart="1137.13" departLane="free" departSpeed="24.10" route="routehighway_0_0" speedFactor="0.97" state="1136800 0 5.10 0 1199600" pos="856.94" speed="22.83" posLat="0.00"/>
    <vehicle id="idm_highway_inflow_00.648" type="human" depart="1138.89" departLane="free" departSpeed="24.10" route="routehighway_0_0" speedFactor="0.96" state="1138800 0 5.10 0 1199600" pos="819.34" speed="22.03" posLat="0.00"/>
    <vehicle id="idm_highway_inflow_00.649" type="human" depart="1140.64" departLane="free" departSpeed="24.10" route="routehighway_0_0" speedFactor="0.81" state="1140400 0 5.10 0 1199600" pos="781.05" speed="21.54" posLat="0.00"/>
    <vehicle id="idm_highway_inflow_00.650" type="human" depart="1142.40" departLane="free" departSpeed="24.10" route="routehighway_0_0" speedFactor="1.04" state="1142400 0 5.10 0 1199600" pos="744.22" speed="20.62" posLat="0.00"/>
    <vehicle id="idm_highway_inflow_00.651" type="human" depart="1144.16" departLane="free" departSpeed="24.10" route="routehighway_0_0" speedFactor="1.01" state="1144000 0 5.10 0 1199600" pos="707.34" speed="20.03" posLat="0.00"/>
    <vehicle id="idm_highway_inflow_00.652" type="human" depart="1145.91" departLane="free" departSpeed="24.10" route="routehighway_0_0" speedFactor="0.97" state="1145600 0 5.10 0 1199600" pos="670.16" speed="18.85" posLat="0.00"/>
    <vehicle id="idm_highway_inflow_00.653" type="human" depart="1147.67" departLane="free" departSpeed="24.10" route="routehighway_0_0" speedFactor="0.87" state="1147600 0 5.10 0 1199600" pos="638.39" speed="17.55" posLat="0.00"/>
    <vehicle id="idm_highway_inflow_00.654" type="human" depart="1149.42" departLane="free" departSpeed="24.10" route="routehighway_0_0" speedFactor="1.00" state="1149200 0 5.10 0 1199600" pos="607.26" speed="16.00" posLat="0.00"/>
    <vehicle id="idm_highway_inflow_00.655" type="human" depart="1151.18" departLane="free" departSpeed="24.10" route="routehighway_0_0" speedFactor="1.00" state="1150800 0 5.10 0 1199600" pos="579.13" speed="14.40" posLat="0.00"/>
    <vehicle id="idm_highway_inflow_00.656" type="human" depart="1152.94" departLane="free" departSpeed="24.10" route="routehighway_0_0" speedFactor="1.10" state="1152800 0 5.10 0 1199600" pos="554.18" speed="13.07" posLat="0.00"/>
    <vehicle id="idm_highway_inflow_00.657" type="human" depart="1154.69" departLane="free" departSpeed="24.10" route="routehighway_0_0" speedFactor="1.03" state="1154400 0 5.10 0 1199600" pos="530.59" speed="11.62" posLat="0.00"/>
    <vehicle id="idm_highway_inflow_00.658" type="human" depart="1156.45" departLane="free" departSpeed="24.10" route="routehighway_0_0" speedFactor="0.88" state="1156400 0 5.10 0 1199600" pos="507.90" speed="10.64" posLat="0.00"/>
    <vehicle id="idm_highway_inflow_00.659" type="human" depart="1158.20" departLane="free" departSpeed="24.10" route="routehighway_0_0" speedFactor="0.83" state="1158000 0 5.10 0 1199600" pos="488.39" speed="8.95" posLat="0.00"/>
    <vehicle id="idm_highway_inflow_00.660" type="human" depart="1159.96" departLane="free" departSpeed="24.10" route="routehighway_0_0" speedFactor="0.98" state="1159600 0 5.10 0 1199600" pos="468.66" speed="7.64" posLat="0.00"/>
    <vehicle id="idm_highway_inflow_00.661" type="human" depart="1161.72" departLane="free" departSpeed="24.10" route="routehighway_0_0" speedFactor="1.06" state="1161600 0 5.10 0 1199600" pos="452.57" speed="6.03" posLat="0.00"/>
    <vehicle id="idm_highway_inflow_00.662" type="human" depart="1163.47" departLane="free" departSpeed="24.10" route="routehighway_0_0" speedFactor="0.88" state="1163200 0 5.10 0 1199600" pos="437.95" speed="4.49" posLat="0.00"/>
    <vehicle id="idm_highway_inflow_00.663" type="human" depart="1165.23" departLane="free" departSpeed="24.10" route="routehighway_0_0" speedFactor="1.19" state="1165200 0 5.10 0 1199600" pos="426.24" speed="3.22" posLat="0.00"/>
    <vehicle id="idm_highway_inflow_00.664" type="human" depart="1166.98" departLane="free" departSpeed="24.10" route="routehighway_0_0" speedFactor="1.05" state="1166800 0 5.10 0 1199600" pos="415.31" speed="2.00" posLat="0.00"/>
    <vehicle id="idm_highway_inflow_00.665" type="human" depart="1168.74" departLane="free" departSpeed="24.10" route="routehighway_0_0" speedFactor="1.00" state="1168400 0 5.10 0 1199600" pos="406.24" speed="1.02" posLat="0.00"/>
    <vehicle id="idm_highway_inflow_00.666" type="human" depart="1170.50" departLane="free" departSpeed="24.10" route="routehighway_0_0" speedFactor="1.06" state="1170400 0 5.10 0 1199600" pos="398.40" speed="0.53" posLat="0.00"/>
    <vehicle id="idm_highway_inflow_00.667" type="human" depart="1172.25" departLane="free" departSpeed="24.10" route="routehighway_0_0" speedFactor="1.07" state="1172000 0 5.10 6000 1199600" pos="391.17" speed="0.00" posLat="0.00"/>
    <vehicle id="idm_highway_inflow_00.668" type="human" depart="1174.01" departLane="free" departSpeed="24.10" route="routehighway_0_0" speedFactor="0.94" state="1174000 0 5.10 0 1199600" pos="384.31" speed="0.12" posLat="0.00"/>
    <vehicle id="idm_highway_inflow_00.669" type="human" depart="1175.76" departLane="free" departSpeed="24.10" route="routehighway_0_0" speedFactor="1.00" state="1175600 0 5.10 3200 1199600" pos="377.37" speed="0.00" posLat="0.00"/>
    <vehicle id="idm_highway_inflow_00.670" type="human" depart="1177.52" departLane="free" departSpeed="24.10" route="routehighway_0_0" speedFactor="1.07" state="1177200 0 5.10 1600 1199600" pos="370.50" speed="0.00" posLat="0.00"/>
    <vehicle id="idm_highway_inflow_00.671" type="human" depart="1179.28" departLane="free" departSpeed="24.10" route="routehighway_0_0" speedFactor="1.14" state="1179200 0 5.10 0 1199600" pos="363.59" speed="0.23" posLat="0.00"/>
    <vehicle id="idm_highway_inflow_00.672" type="human" depart="1181.03" departLane="free" departSpeed="24.10" route="routehighway_0_0" speedFactor="0.88" state="1180800 0 5.10 0 1199600" pos="355.72" speed="1.48" posLat="0.00"/>
    <vehicle id="idm_highway_inflow_00.673" type="human" depart="1182.79" departLane="free" departSpeed="24.10" route="routehighway_0_0" speedFactor="1.02" state="1182400 0 5.10 0 1199600" pos="345.18" speed="3.91" posLat="0.00"/>
    <vehicle id="idm_highway_inflow_00.674" type="human" depart="1184.54" departLane="free" departSpeed="24.10" route="routehighway_0_0" speedFactor="0.89" state="1184400 0 5.10 0 1199600" pos="329.33" speed="7.60" posLat="0.00"/>
    <vehicle id="idm_highway_inflow_00.675" type="human" depart="1186.30" departLane="free" departSpeed="24.10" route="routehighway_0_0" speedFactor="1.18" state="1186000 0 5.10 0 1199600" pos="308.94" speed="11.55" posLat="0.00"/>
    <vehicle id="idm_highway_inflow_00.676" type="human" depart="1188.06" departLane="free" departSpeed="24.10" route="routehighway_0_0" speedFactor="1.13" state="1188000 0 5.10 0 1199600" pos="279.18" speed="16.60" posLat="0.00"/>
    <vehicle id="idm_highway_inflow_00.677" type="human" depart="1189.81" departLane="free" departSpeed="24.10" route="routehighway_0_0" speedFactor="1.02" state="1189600 0 5.10 0 1199600" pos="246.64" speed="20.44" posLat="0.00"/>
    <vehicle id="idm_highway_inflow_00.678" type="human" depart="1191.57" departLane="free" departSpeed="24.10" route="routehighway_0_0" speedFactor="0.99" state="1191200 0 5.10 0 1199600" pos="209.86" speed="23.05" posLat="0.00"/>
    <vehicle id="idm_highway_inflow_00.679" type="human" depart="1193.32" departLane="free" departSpeed="24.10" route="routehighway_0_0" speedFactor="0.99" state="1193200 0 5.10 0 1199600" pos="163.68" speed="24.90" posLat="0.00"/>
    <vehicle id="idm_highway_inflow_00.680" type="human" depart="1195.08" departLane="free" departSpeed="24.10" route="routehighway_0_0" speedFactor="1.02" state="1194800 0 5.10 0 1199600" pos="122.66" speed="24.70" posLat="0.00"/>
    <vehicle id="idm_highway_inflow_00.681" type="human" depart="1196.84" departLane="free" departSpeed="24.10" route="routehighway_0_0" speedFactor="1.13" state="1196800 0 5.10 0 1199600" pos="74.11" speed="24.93" posLat="0.00"/>
    <vehicle id="idm_highway_inflow_00.682" type="human" depart="1198.59" departLane="free" departSpeed="24.10" route="routehighway_0_0" speedFactor="0.97" state="1198400 0 5.10 0 1199600" pos="34.17" speed="24.38" posLat="0.00"/>
    <lane id=":edge_1_0_0">
        <vehicles value=""/>
    </lane>
    <lane id=":edge_2_0_0">
        <vehicles value=""/>
    </lane>
    <lane id="highway_0_0">
        <vehicles value="idm_highway_inflow_00.682 idm_highway_inflow_00.681 idm_highway_inflow_00.680 idm_highway_inflow_00.679 idm_highway_inflow_00.678 idm_highway_inflow_00.677 idm_highway_inflow_00.676 idm_highway_inflow_00.675 idm_highway_inflow_00.674 idm_highway_inflow_00.673 idm_highway_inflow_00.672 idm_highway_inflow_00.671 idm_highway_inflow_00.670 idm_highway_inflow_00.669 idm_highway_inflow_00.668 idm_highway_inflow_00.667 idm_highway_inflow_00.666 idm_highway_inflow_00.665 idm_highway_inflow_00.664 idm_highway_inflow_00.663 idm_highway_inflow_00.662 idm_highway_inflow_00.661 idm_highway_inflow_00.660 idm_highway_inflow_00.659 idm_highway_inflow_00.658 idm_highway_inflow_00.657 idm_highway_inflow_00.656 idm_highway_inflow_00.655 idm_highway_inflow_00.654 idm_highway_inflow_00.653 idm_highway_inflow_00.652 idm_highway_inflow_00.651 idm_highway_inflow_00.650 idm_highway_inflow_00.649 idm_highway_inflow_00.648 idm_highway_inflow_00.647 idm_highway_inflow_00.646 idm_highway_inflow_00.645 idm_highway_inflow_00.644 idm_highway_inflow_00.643 idm_highway_inflow_00.642 idm_highway_inflow_00.641 idm_highway_inflow_00.640 idm_highway_inflow_00.639 idm_highway_inflow_00.638 idm_highway_inflow_00.637 idm_highway_inflow_00.636 idm_highway_inflow_00.635 idm_highway_inflow_00.634 idm_highway_inflow_00.633 idm_highway_inflow_00.632 idm_highway_inflow_00.631 idm_highway_inflow_00.630 idm_highway_inflow_00.629"/>
    </lane>
    <lane id="highway_1_0">
        <vehicles value="idm_highway_inflow_00.628 idm_highway_inflow_00.627 idm_highway_inflow_00.626 idm_highway_inflow_00.625 idm_highway_inflow_00.624 idm_highway_inflow_00.623 idm_highway_inflow_00.622 idm_highway_inflow_00.621 idm_highway_inflow_00.620 idm_highway_inflow_00.619 idm_highway_inflow_00.618 idm_highway_inflow_00.617 idm_highway_inflow_00.616 idm_highway_inflow_00.615 idm_highway_inflow_00.614 idm_highway_inflow_00.613 idm_highway_inflow_00.612 idm_highway_inflow_00.611 idm_highway_inflow_00.610 idm_highway_inflow_00.609 idm_highway_inflow_00.608 idm_highway_inflow_00.607 idm_highway_inflow_00.606 idm_highway_inflow_00.605 idm_highway_inflow_00.604 idm_highway_inflow_00.603 idm_highway_inflow_00.602 idm_highway_inflow_00.601 idm_highway_inflow_00.600 idm_highway_inflow_00.599 idm_highway_inflow_00.598 idm_highway_inflow_00.597 idm_highway_inflow_00.596 idm_highway_inflow_00.595 idm_highway_inflow_00.594 idm_highway_inflow_00.593 idm_highway_inflow_00.592 idm_highway_inflow_00.591 idm_highway_inflow_00.590 idm_highway_inflow_00.589 idm_highway_inflow_00.588 idm_highway_inflow_00.587 idm_highway_inflow_00.586 idm_highway_inflow_00.585 idm_highway_inflow_00.584 idm_highway_inflow_00.583 idm_highway_inflow_00.582 idm_highway_inflow_00.581 idm_highway_inflow_00.580 idm_highway_inflow_00.579 idm_highway_inflow_00.578 idm_highway_inflow_00.577 idm_highway_inflow_00.576 idm_highway_inflow_00.575 idm_highway_inflow_00.574 idm_highway_inflow_00.573 idm_highway_inflow_00.572 idm_highway_inflow_00.571 idm_highway_inflow_00.570 idm_highway_inflow_00.569 idm_highway_inflow_00.568 idm_highway_inflow_00.567 idm_highway_inflow_00.566 idm_highway_inflow_00.565 idm_highway_inflow_00.564 idm_highway_inflow_00.563 idm_highway_inflow_00.562 idm_highway_inflow_00.561 idm_highway_inflow_00.560 idm_highway_inflow_00.559 idm_highway_inflow_00.558 idm_highway_inflow_00.557 idm_highway_inflow_00.556 idm_highway_inflow_00.555 idm_highway_inflow_00.554 idm_highway_inflow_00.553 idm_highway_inflow_00.552 idm_highway_inflow_00.551 idm_highway_inflow_00.550 idm_highway_inflow_00.549 idm_highway_inflow_00.548 idm_highway_inflow_00.547 idm_highway_inflow_00.546 idm_highway_inflow_00.545 idm_highway_inflow_00.544 idm_highway_inflow_00.543"/>
    </lane>
    <lane id="highway_end_0">
        <vehicles value="idm_highway_inflow_00.542 idm_highway_inflow_00.541 idm_highway_inflow_00.540 idm_highway_inflow_00.539 idm_highway_inflow_00.538 idm_highway_inflow_00.537 idm_highway_inflow_00.536 idm_highway_inflow_00.535 idm_highway_inflow_00.534 idm_highway_inflow_00.533 idm_highway_inflow_00.532 idm_highway_inflow_00.531 idm_highway_inflow_00.530 idm_highway_inflow_00.529 idm_highway_inflow_00.528 idm_highway_inflow_00.527 idm_highway_inflow_00.526 idm_highway_inflow_00.525 idm_highway_inflow_00.524 idm_highway_inflow_00.523 idm_highway_inflow_00.522"/>
    </lane>
</snapshot>
