<?xml version="1.0" encoding="UTF-8"?>

<!-- generated on Tue Jan 19 18:15:44 2021 by Eclipse SUMO Version 1.1.0
<configuration xmlns:xsi="http://www.w3.org/2001/XMLSchema-instance" xsi:noNamespaceSchemaLocation="http://sumo.dlr.de/xsd/sumoConfiguration.xsd">

    <input>
        <net-file value="/tmp/flow/debug/cfg/highway-single_20210119-1814111611108851.3571126.net.xml"/>
        <route-files value="/tmp/flow/debug/cfg/highway-single_20210119-1814111611108851.3571126.rou.xml"/>
        <additional-files value="/tmp/flow/debug/cfg/highway-single_20210119-1814111611108851.3571126.add.xml"/>
    </input>

    <output>
        <save-state.times value="1200"/>
        <save-state.files value="warmup/highway/6.xml"/>
    </output>

    <time>
        <begin value="0"/>
        <step-length value="0.4"/>
    </time>

    <processing>
        <step-method.ballistic value="true"/>
        <collision.check-junctions value="true"/>
        <time-to-teleport value="-1"/>
    </processing>

    <report>
        <no-step-log value="true"/>
    </report>

    <traci_server>
        <remote-port value="42275"/>
        <num-clients value="1"/>
    </traci_server>

    <gui_only>
        <gui-settings-file value="/tmp/flow/debug/cfg/highway-single_20210119-1814111611108851.3571126.gui.cfg"/>
        <tracker-interval value="0.4"/>
    </gui_only>

</configuration>
-->

<snapshot xmlns:xsi="http://www.w3.org/2001/XMLSchema-instance" xsi:noNamespaceSchemaLocation="http://sumo.dlr.de/xsd/state_file.xsd" version="1.1.0" time="1200.00">
    <route id="routehighway_0_0" state="1" edges="highway_0 highway_1 highway_end"/>
    <route id="routehighway_1_0" state="1" edges="highway_1 highway_end"/>
    <route id="routehighway_end_0" state="1" edges="highway_end"/>
    <flowState id="idm_highway_inflow_00" index="683"/>
    <delay number="192" begin="683" end="429" depart="6563.20" time="128121.60"/>
    <vType id="DEFAULT_BIKETYPE" vClass="bicycle"/>
    <vType id="DEFAULT_PEDTYPE" vClass="pedestrian"/>
    <vType id="DEFAULT_VEHTYPE"/>
    <vType id="human" minGap="0.50" maxSpeed="30.00" speedFactor="normc(1.00,0.10,0.20,2.00)" impatience="0.50" laneChangeModel="LC2013" lcStrategic="1.0" lcCooperative="1.0" lcSpeedGain="1.0" lcKeepRight="1.0" carFollowModel="IDM" accel="2.6" decel="4.5" tau="1.0"/>
    <vehicle id="idm_highway_inflow_00.429" type="human" depart="754.32" departLane="free" departSpeed="24.10" route="routehighway_0_0" speedFactor="1.23" state="754000 2 5.10 0 1199600" pos="291.65" speed="5.00" posLat="0.00"/>
    <vehicle id="idm_highway_inflow_00.430" type="human" depart="756.08" departLane="free" departSpeed="24.10" route="routehighway_0_0" speedFactor="1.32" state="756000 2 5.10 0 1199600" pos="279.44" speed="5.00" posLat="0.00"/>
    <vehicle id="idm_highway_inflow_00.431" type="human" depart="757.84" departLane="free" departSpeed="24.10" route="routehighway_0_0" speedFactor="0.83" state="757600 2 5.10 0 1199600" pos="267.22" speed="5.00" posLat="0.00"/>
    <vehicle id="idm_highway_inflow_00.432" type="human" depart="759.59" departLane="free" departSpeed="24.10" route="routehighway_0_0" speedFactor="1.05" state="759200 2 5.10 0 1199600" pos="255.01" speed="4.90" posLat="0.00"/>
    <vehicle id="idm_highway_inflow_00.433" type="human" depart="761.35" departLane="free" departSpeed="24.10" route="routehighway_0_0" speedFactor="1.05" state="761200 2 5.10 0 1199600" pos="242.83" speed="4.98" posLat="0.00"/>
    <vehicle id="idm_highway_inflow_00.434" type="human" depart="763.10" departLane="free" departSpeed="24.10" route="routehighway_0_0" speedFactor="0.83" state="762800 2 5.10 0 1199600" pos="230.77" speed="4.99" posLat="0.00"/>
    <vehicle id="idm_highway_inflow_00.435" type="human" depart="764.86" departLane="free" departSpeed="24.10" route="routehighway_0_0" speedFactor="1.06" state="764800 2 5.10 0 1199600" pos="218.50" speed="5.00" posLat="0.00"/>
    <vehicle id="idm_highway_inflow_00.436" type="human" depart="766.62" departLane="free" departSpeed="24.10" route="routehighway_0_0" speedFactor="0.88" state="766400 2 5.10 0 1199600" pos="206.44" speed="4.84" posLat="0.00"/>
    <vehicle id="idm_highway_inflow_00.437" type="human" depart="768.37" departLane="free" departSpeed="24.10" route="routehighway_0_0" speedFactor="1.04" state="768000 2 5.10 0 1199600" pos="194.29" speed="5.00" posLat="0.00"/>
    <vehicle id="idm_highway_inflow_00.438" type="human" depart="770.13" departLane="free" departSpeed="24.10" route="routehighway_0_0" speedFactor="1.17" state="770000 2 5.10 0 1199600" pos="182.17" speed="4.98" posLat="0.00"/>
    <vehicle id="idm_highway_inflow_00.439" type="human" depart="771.88" departLane="free" departSpeed="24.10" route="routehighway_0_0" speedFactor="0.93" state="771600 2 5.10 0 1199600" pos="170.14" speed="4.88" posLat="0.00"/>
    <vehicle id="idm_highway_inflow_00.440" type="human" depart="773.64" departLane="free" departSpeed="24.10" route="routehighway_0_0" speedFactor="0.89" state="773600 2 5.10 0 1199600" pos="158.00" speed="4.90" posLat="0.00"/>
    <vehicle id="idm_highway_inflow_00.441" type="human" depart="775.40" departLane="free" departSpeed="24.10" route="routehighway_0_0" speedFactor="0.93" state="775200 2 5.10 0 1199600" pos="145.81" speed="4.88" posLat="0.00"/>
    <vehicle id="idm_highway_inflow_00.442" type="human" depart="777.15" departLane="free" departSpeed="24.10" route="routehighway_0_0" speedFactor="1.11" state="776800 2 5.10 0 1199600" pos="133.98" speed="4.92" posLat="0.00"/>
    <vehicle id="idm_highway_inflow_00.443" type="human" depart="778.91" departLane="free" departSpeed="24.10" route="routehighway_0_0" speedFactor="1.24" state="778800 2 5.10 0 1199600" pos="122.07" speed="4.81" posLat="0.00"/>
    <vehicle id="idm_highway_inflow_00.444" type="human" depart="780.66" departLane="free" departSpeed="24.10" route="routehighway_0_0" speedFactor="0.96" state="780400 2 5.10 0 1199600" pos="110.22" speed="4.68" posLat="0.00"/>
    <vehicle id="idm_highway_inflow_00.445" type="human" depart="782.42" departLane="free" departSpeed="24.10" route="routehighway_0_0" speedFactor="0.97" state="782400 2 5.10 0 1199600" pos="98.28" speed="5.00" posLat="0.00"/>
    <vehicle id="idm_highway_inflow_00.446" type="human" depart="784.18" departLane="free" departSpeed="24.10" route="routehighway_0_0" speedFactor="1.02" state="784000 2 5.10 0 1199600" pos="86.05" speed="4.84" posLat="0.00"/>
    <vehicle id="idm_highway_inflow_00.447" type="human" depart="785.93" departLane="free" departSpeed="24.10" route="routehighway_0_0" speedFactor="1.20" state="785600 2 5.10 0 1199600" pos="73.97" speed="4.87" posLat="0.00"/>
    <vehicle id="idm_highway_inflow_00.448" type="human" depart="787.69" departLane="free" departSpeed="24.10" route="routehighway_0_0" speedFactor="0.88" state="787600 2 5.10 0 1199600" pos="61.93" speed="5.00" posLat="0.00"/>
    <vehicle id="idm_highway_inflow_00.449" type="human" depart="789.44" departLane="free" departSpeed="24.10" route="routehighway_0_0" speedFactor="1.12" state="789200 2 5.10 0 1199600" pos="49.84" speed="5.00" posLat="0.00"/>
    <vehicle id="idm_highway_inflow_00.450" type="human" depart="791.20" departLane="free" departSpeed="24.10" route="routehighway_0_0" speedFactor="1.07" state="791200 2 5.10 0 1199600" pos="37.88" speed="4.83" posLat="0.00"/>
    <vehicle id="idm_highway_inflow_00.451" type="human" depart="792.96" departLane="free" departSpeed="24.10" route="routehighway_0_0" speedFactor="0.89" state="792800 2 5.10 0 1199600" pos="26.09" speed="4.91" posLat="0.00"/>
    <vehicle id="idm_highway_inflow_00.452" type="human" depart="794.71" departLane="free" departSpeed="24.10" route="routehighway_0_0" speedFactor="0.98" state="794400 2 5.10 0 1199600" pos="13.80" speed="5.00" posLat="0.00"/>
    <vehicle id="idm_highway_inflow_00.453" type="human" depart="796.47" departLane="free" departSpeed="24.10" route="routehighway_0_0" speedFactor="0.99" state="796400 2 5.10 0 1199600" pos="1.75" speed="4.71" posLat="0.00"/>
    <vehicle id="idm_highway_inflow_00.454" type="human" depart="798.22" departLane="free" departSpeed="24.10" route="routehighway_0_0" speedFactor="0.86" state="798000 1 5.10 0 1199600" pos="1240.03" speed="4.87" posLat="0.00"/>
    <vehicle id="idm_highway_inflow_00.455" type="human" depart="799.98" departLane="free" departSpeed="24.10" route="routehighway_0_0" speedFactor="0.89" state="799600 1 5.10 0 1199600" pos="1228.16" speed="4.75" posLat="0.00"/>
    <vehicle id="idm_highway_inflow_00.456" type="human" depart="801.74" departLane="free" departSpeed="24.10" route="routehighway_0_0" speedFactor="1.08" state="801600 1 5.10 0 1199600" pos="1216.56" speed="4.48" posLat="0.00"/>
    <vehicle id="idm_highway_inflow_00.457" type="human" depart="803.49" departLane="free" departSpeed="24.10" route="routehighway_0_0" speedFactor="1.11" state="803200 1 5.10 0 1199600" pos="1204.91" speed="4.73" posLat="0.00"/>
    <vehicle id="idm_highway_inflow_00.458" type="human" depart="805.25" departLane="free" departSpeed="24.10" route="routehighway_0_0" speedFactor="1.05" state="805200 1 5.10 0 1199600" pos="1193.21" speed="4.84" posLat="0.00"/>
    <vehicle id="idm_highway_inflow_00.459" type="human" depart="807.00" departLane="free" departSpeed="24.10" route="routehighway_0_0" speedFactor="0.89" state="806800 1 5.10 0 1199600" pos="1181.30" speed="4.78" posLat="0.00"/>
    <vehicle id="idm_highway_inflow_00.460" type="human" depart="808.76" departLane="free" departSpeed="24.10" route="routehighway_0_0" speedFactor="1.12" state="808400 1 5.10 0 1199600" pos="1169.37" speed="5.01" posLat="0.00"/>
    <vehicle id="idm_highway_inflow_00.461" type="human" depart="810.52" departLane="free" departSpeed="24.10" route="routehighway_0_0" speedFactor="0.92" state="810400 1 5.10 0 1199600" pos="1156.83" speed="5.19" posLat="0.00"/>
    <vehicle id="idm_highway_inflow_00.462" type="human" depart="812.27" departLane="free" departSpeed="24.10" route="routehighway_0_0" speedFactor="1.01" state="812000 1 5.10 0 1199600" pos="1144.46" speed="5.19" posLat="0.00"/>
    <vehicle id="idm_highway_inflow_00.463" type="human" depart="814.03" departLane="free" departSpeed="24.10" route="routehighway_0_0" speedFactor="1.16" state="814000 1 5.10 0 1199600" pos="1132.28" speed="5.09" posLat="0.00"/>
    <vehicle id="idm_highway_inflow_00.464" type="human" depart="815.78" departLane="free" departSpeed="24.10" route="routehighway_0_0" speedFactor="1.21" state="815600 1 5.10 0 1199600" pos="1119.65" speed="5.24" posLat="0.00"/>
    <vehicle id="idm_highway_inflow_00.465" type="human" depart="817.54" departLane="free" departSpeed="24.10" route="routehighway_0_0" speedFactor="1.06" state="817200 1 5.10 0 1199600" pos="1107.62" speed="5.14" posLat="0.00"/>
    <vehicle id="idm_highway_inflow_00.466" type="human" depart="819.30" departLane="free" departSpeed="24.10" route="routehighway_0_0" speedFactor="0.99" state="819200 1 5.10 0 1199600" pos="1095.93" speed="4.71" posLat="0.00"/>
    <vehicle id="idm_highway_inflow_00.467" type="human" depart="821.05" departLane="free" departSpeed="24.10" route="routehighway_0_0" speedFactor="1.00" state="820800 1 5.10 0 1199600" pos="1084.22" speed="4.62" posLat="0.00"/>
    <vehicle id="idm_highway_inflow_00.468" type="human" depart="822.81" departLane="free" departSpeed="24.10" route="routehighway_0_0" speedFactor="1.06" state="822800 1 5.10 0 1199600" pos="1072.56" speed="4.39" posLat="0.00"/>
    <vehicle id="idm_highway_inflow_00.469" type="human" depart="824.56" departLane="free" departSpeed="24.10" route="routehighway_0_0" speedFactor="0.87" state="824400 1 5.10 0 1199600" pos="1061.36" speed="4.24" posLat="0.00"/>
    <vehicle id="idm_highway_inflow_00.470" type="human" depart="826.32" departLane="free" departSpeed="24.10" route="routehighway_0_0" speedFactor="1.04" state="826000 1 5.10 0 1199600" pos="1050.22" speed="4.18" posLat="0.00"/>
    <vehicle id="idm_highway_inflow_00.471" type="human" depart="828.08" departLane="free" departSpeed="24.10" route="routehighway_0_0" speedFactor="0.94" state="828000 1 5.10 0 1199600" pos="1039.11" speed="4.36" posLat="0.00"/>
    <vehicle id="idm_highway_inflow_00.472" type="human" depart="829.83" departLane="free" departSpeed="24.10" route="routehighway_0_0" speedFactor="1.04" state="829600 1 5.10 0 1199600" pos="1027.43" speed="4.79" posLat="0.00"/>
    <vehicle id="idm_highway_inflow_00.473" type="human" depart="831.59" departLane="free" departSpeed="24.10" route="routehighway_0_0" speedFactor="1.02" state="831200 1 5.10 0 1199600" pos="1015.35" speed="5.60" posLat="0.00"/>
    <vehicle id="idm_highway_inflow_00.474" type="human" depart="833.34" departLane="free" departSpeed="24.10" route="routehighway_0_0" speedFactor="1.04" state="833200 1 5.10 0 1199600" pos="1002.04" speed="5.94" posLat="0.00"/>
    <vehicle id="idm_highway_inflow_00.475" type="human" depart="835.10" departLane="free" departSpeed="24.10" route="routehighway_0_0" speedFactor="0.96" state="834800 1 5.10 0 1199600" pos="988.72" speed="6.02" posLat="0.00"/>
    <vehicle id="idm_highway_inflow_00.476" type="human" depart="836.86" departLane="free" departSpeed="24.10" route="routehighway_0_0" speedFactor="0.98" state="836800 1 5.10 0 1199600" pos="975.41" speed="5.75" posLat="0.00"/>
    <vehicle id="idm_highway_inflow_00.477" type="human" depart="838.61" departLane="free" departSpeed="24.10" route="routehighway_0_0" speedFactor="0.99" state="838400 1 5.10 0 1199600" pos="962.27" speed="5.13" posLat="0.00"/>
    <vehicle id="idm_highway_inflow_00.478" type="human" depart="840.37" departLane="free" departSpeed="24.10" route="routehighway_0_0" speedFactor="0.88" state="840000 1 5.10 0 1199600" pos="950.52" speed="4.38" posLat="0.00"/>
    <vehicle id="idm_highway_inflow_00.479" type="human" depart="842.12" departLane="free" departSpeed="24.10" route="routehighway_0_0" speedFactor="0.94" state="842000 1 5.10 0 1199600" pos="939.42" speed="3.97" posLat="0.00"/>
    <vehicle id="idm_highway_inflow_00.480" type="human" depart="843.88" departLane="free" departSpeed="24.10" route="routehighway_0_0" speedFactor="1.03" state="843600 1 5.10 0 1199600" pos="928.75" speed="3.73" posLat="0.00"/>
    <vehicle id="idm_highway_inflow_00.481" type="human" depart="845.64" departLane="free" departSpeed="24.10" route="routehighway_0_0" speedFactor="1.04" state="845600 1 5.10 0 1199600" pos="918.12" speed="3.87" posLat="0.00"/>
    <vehicle id="idm_highway_inflow_00.482" type="human" depart="847.39" departLane="free" departSpeed="24.10" route="routehighway_0_0" speedFactor="1.08" state="847200 1 5.10 0 1199600" pos="906.99" speed="4.56" posLat="0.00"/>
    <vehicle id="idm_highway_inflow_00.483" type="human" depart="849.15" departLane="free" departSpeed="24.10" route="routehighway_0_0" speedFactor="0.99" state="848800 1 5.10 0 1199600" pos="894.55" speed="5.57" posLat="0.00"/>
    <vehicle id="idm_highway_inflow_00.484" type="human" depart="850.90" departLane="free" departSpeed="24.10" route="routehighway_0_0" speedFactor="0.98" state="850800 1 5.10 0 1199600" pos="880.87" speed="6.70" posLat="0.00"/>
    <vehicle id="idm_highway_inflow_00.485" type="human" depart="852.66" departLane="free" departSpeed="24.10" route="routehighway_0_0" speedFactor="1.08" state="852400 1 5.10 0 1199600" pos="866.26" speed="7.02" posLat="0.00"/>
    <vehicle id="idm_highway_inflow_00.486" type="human" depart="854.42" departLane="free" departSpeed="24.10" route="routehighway_0_0" speedFactor="1.24" state="854400 1 5.10 0 1199600" pos="851.30" speed="6.72" posLat="0.00"/>
    <vehicle id="idm_highway_inflow_00.487" type="human" depart="856.17" departLane="free" departSpeed="24.10" route="routehighway_0_0" speedFactor="1.06" state="856000 1 5.10 0 1199600" pos="837.39" speed="5.82" posLat="0.00"/>
    <vehicle id="idm_highway_inflow_00.488" type="human" depart="857.93" departLane="free" departSpeed="24.10" route="routehighway_0_0" speedFactor="1.09" state="857600 1 5.10 0 1199600" pos="824.42" speed="5.11" posLat="0.00"/>
    <vehicle id="idm_highway_inflow_00.489" type="human" depart="859.68" departLane="free" departSpeed="24.10" route="routehighway_0_0" speedFactor="0.94" state="859600 1 5.10 0 1199600" pos="812.55" speed="4.30" posLat="0.00"/>
    <vehicle id="idm_highway_inflow_00.490" type="human" depart="861.44" departLane="free" departSpeed="24.10" route="routehighway_0_0" speedFactor="1.08" state="861200 1 5.10 0 1199600" pos="801.67" speed="4.14" posLat="0.00"/>
    <vehicle id="idm_highway_inflow_00.491" type="human" depart="863.20" departLane="free" departSpeed="24.10" route="routehighway_0_0" speedFactor="1.04" state="862800 1 5.10 0 1199600" pos="791.14" speed="3.90" posLat="0.00"/>
    <vehicle id="idm_highway_inflow_00.492" type="human" depart="864.95" departLane="free" departSpeed="24.10" route="routehighway_0_0" speedFactor="1.16" state="864800 1 5.10 0 1199600" pos="780.25" speed="4.10" posLat="0.00"/>
    <vehicle id="idm_highway_inflow_00.493" type="human" depart="866.71" departLane="free" departSpeed="24.10" route="routehighway_0_0" speedFactor="1.13" state="866400 1 5.10 0 1199600" pos="768.71" speed="4.81" posLat="0.00"/>
    <vehicle id="idm_highway_inflow_00.494" type="human" depart="868.46" departLane="free" departSpeed="24.10" route="routehighway_0_0" speedFactor="1.18" state="868400 1 5.10 0 1199600" pos="755.98" speed="5.90" posLat="0.00"/>
    <vehicle id="idm_highway_inflow_00.495" type="human" depart="870.22" departLane="free" departSpeed="24.10" route="routehighway_0_0" speedFactor="0.85" state="870000 1 5.10 0 1199600" pos="741.85" speed="7.00" posLat="0.00"/>
    <vehicle id="idm_highway_inflow_00.496" type="human" depart="871.98" departLane="free" departSpeed="24.10" route="routehighway_0_0" speedFactor="1.11" state="872000 1 5.10 0 1199600" pos="726.03" speed="7.11" posLat="0.00"/>
    <vehicle id="idm_highway_inflow_00.497" type="human" depart="873.73" departLane="free" departSpeed="24.10" route="routehighway_0_0" speedFactor="0.93" state="874000 1 5.10 0 1199600" pos="710.58" speed="6.33" posLat="0.00"/>
    <vehicle id="idm_highway_inflow_00.498" type="human" depart="875.49" departLane="free" departSpeed="24.10" route="routehighway_0_0" speedFactor="1.17" state="876400 1 5.10 0 1199600" pos="697.14" speed="5.52" posLat="0.00"/>
    <vehicle id="idm_highway_inflow_00.499" type="human" depart="877.24" departLane="free" departSpeed="24.10" route="routehighway_0_0" speedFactor="1.24" state="879200 1 5.10 0 1199600" pos="684.50" speed="4.63" posLat="0.00"/>
    <vehicle id="idm_highway_inflow_00.500" type="human" depart="879.00" departLane="free" departSpeed="24.10" route="routehighway_0_0" speedFactor="1.07" state="882800 1 5.10 0 1199600" pos="672.98" speed="3.85" posLat="0.00"/>
    <vehicle id="idm_highway_inflow_00.501" type="human" depart="880.76" departLane="free" departSpeed="24.10" route="routehighway_0_0" speedFactor="0.92" state="888400 1 5.10 0 1199600" pos="662.32" speed="3.44" posLat="0.00"/>
    <vehicle id="idm_highway_inflow_00.502" type="human" depart="882.51" departLane="free" departSpeed="24.10" route="routehighway_0_0" speedFactor="0.93" state="897600 1 5.10 0 1199600" pos="652.00" speed="3.34" posLat="0.00"/>
    <vehicle id="idm_highway_inflow_00.503" type="human" depart="884.27" departLane="free" departSpeed="24.10" route="routehighway_0_0" speedFactor="0.96" state="903600 1 5.10 0 1199600" pos="641.94" speed="3.36" posLat="0.00"/>
    <vehicle id="idm_highway_inflow_00.504" type="human" depart="886.02" departLane="free" departSpeed="24.10" route="routehighway_0_0" speedFactor="1.11" state="906800 1 5.10 0 1199600" pos="631.79" speed="3.69" posLat="0.00"/>
    <vehicle id="idm_highway_inflow_00.505" type="human" depart="887.78" departLane="free" departSpeed="24.10" route="routehighway_0_0" speedFactor="1.02" state="909200 1 5.10 0 1199600" pos="620.53" speed="4.94" posLat="0.00"/>
    <vehicle id="idm_highway_inflow_00.506" type="human" depart="889.54" departLane="free" departSpeed="24.10" route="routehighway_0_0" speedFactor="1.01" state="911200 1 5.10 0 1199600" pos="607.08" speed="6.49" posLat="0.00"/>
    <vehicle id="idm_highway_inflow_00.507" type="human" depart="891.29" departLane="free" departSpeed="24.10" route="routehighway_0_0" speedFactor="0.94" state="912800 1 5.10 0 1199600" pos="590.97" speed="8.63" posLat="0.00"/>
    <vehicle id="idm_highway_inflow_00.508" type="human" depart="893.05" departLane="free" departSpeed="24.10" route="routehighway_0_0" speedFactor="1.05" state="914400 1 5.10 0 1199600" pos="572.63" speed="9.78" posLat="0.00"/>
    <vehicle id="idm_highway_inflow_00.509" type="human" depart="894.80" departLane="free" departSpeed="24.10" route="routehighway_0_0" speedFactor="1.12" state="916400 1 5.10 0 1199600" pos="553.75" speed="9.20" posLat="0.00"/>
    <vehicle id="idm_highway_inflow_00.510" type="human" depart="896.56" departLane="free" departSpeed="24.10" route="routehighway_0_0" speedFactor="1.01" state="918000 1 5.10 0 1199600" pos="536.51" speed="8.01" posLat="0.00"/>
    <vehicle id="idm_highway_inflow_00.511" type="human" depart="898.32" departLane="free" departSpeed="24.10" route="routehighway_0_0" speedFactor="1.01" state="919600 1 5.10 0 1199600" pos="520.76" speed="6.94" posLat="0.00"/>
    <vehicle id="idm_highway_inflow_00.512" type="human" depart="900.07" departLane="free" departSpeed="24.10" route="routehighway_0_0" speedFactor="1.09" state="921200 1 5.10 0 1199600" pos="505.86" speed="5.84" posLat="0.00"/>
    <vehicle id="idm_highway_inflow_00.513" type="human" depart="901.83" departLane="free" departSpeed="24.10" route="routehighway_0_0" speedFactor="1.07" state="922800 1 5.10 0 1199600" pos="492.83" speed="4.72" posLat="0.00"/>
    <vehicle id="idm_highway_inflow_00.514" type="human" depart="903.58" departLane="free" departSpeed="24.10" route="routehighway_0_0" speedFactor="1.08" state="924400 1 5.10 0 1199600" pos="481.30" speed="3.77" posLat="0.00"/>
    <vehicle id="idm_highway_inflow_00.515" type="human" depart="905.34" departLane="free" departSpeed="24.10" route="routehighway_0_0" speedFactor="0.91" state="926000 1 5.10 0 1199600" pos="470.76" speed="3.36" posLat="0.00"/>
    <vehicle id="idm_highway_inflow_00.516" type="human" depart="907.10" departLane="free" departSpeed="24.10" route="routehighway_0_0" speedFactor="0.91" state="927600 1 5.10 0 1199600" pos="460.81" speed="2.87" posLat="0.00"/>
    <vehicle id="idm_highway_inflow_00.517" type="human" depart="908.85" departLane="free" departSpeed="24.10" route="routehighway_0_0" speedFactor="0.92" state="929200 1 5.10 0 1199600" pos="451.08" speed="3.20" posLat="0.00"/>
    <vehicle id="idm_highway_inflow_00.518" type="human" depart="910.61" departLane="free" departSpeed="24.10" route="routehighway_0_0" speedFactor="1.03" state="930800 1 5.10 0 1199600" pos="440.44" speed="4.09" posLat="0.00"/>
    <vehicle id="idm_highway_inflow_00.519" type="human" depart="912.36" departLane="free" departSpeed="24.10" route="routehighway_0_0" speedFactor="1.05" state="932400 1 5.10 0 1199600" pos="428.31" speed="5.28" posLat="0.00"/>
    <vehicle id="idm_highway_inflow_00.520" type="human" depart="914.12" departLane="free" departSpeed="24.10" route="routehighway_0_0" speedFactor="1.03" state="934000 1 5.10 0 1199600" pos="414.44" speed="6.96" posLat="0.00"/>
    <vehicle id="idm_highway_inflow_00.521" type="human" depart="915.88" departLane="free" departSpeed="24.10" route="routehighway_0_0" speedFactor="1.11" state="935600 1 5.10 0 1199600" pos="397.86" speed="8.66" posLat="0.00"/>
    <vehicle id="idm_highway_inflow_00.522" type="human" depart="917.63" departLane="free" departSpeed="24.10" route="routehighway_0_0" speedFactor="0.86" state="937600 1 5.10 0 1199600" pos="379.48" speed="9.48" posLat="0.00"/>
    <vehicle id="idm_highway_inflow_00.523" type="human" depart="919.39" departLane="free" departSpeed="24.10" route="routehighway_0_0" speedFactor="0.98" state="939200 1 5.10 0 1199600" pos="360.10" speed="8.76" posLat="0.00"/>
    <vehicle id="idm_highway_inflow_00.524" type="human" depart="921.14" departLane="free" departSpeed="24.10" route="routehighway_0_0" speedFactor="0.97" state="941200 1 5.10 0 1199600" pos="343.73" speed="7.94" posLat="0.00"/>
    <vehicle id="idm_highway_inflow_00.525" type="human" depart="922.90" departLane="free" departSpeed="24.10" route="routehighway_0_0" speedFactor="1.02" state="943200 1 5.10 0 1199600" pos="327.69" speed="6.77" posLat="0.00"/>
    <vehicle id="idm_highway_inflow_00.526" type="human" depart="924.66" departLane="free" departSpeed="24.10" route="routehighway_0_0" speedFactor="0.99" state="945200 1 5.10 0 1199600" pos="312.43" speed="5.69" posLat="0.00"/>
    <vehicle id="idm_highway_inflow_00.527" type="human" depart="926.41" departLane="free" departSpeed="24.10" route="routehighway_0_0" speedFactor="1.01" state="947600 1 5.10 0 1199600" pos="299.09" speed="4.89" posLat="0.00"/>
    <vehicle id="idm_highway_inflow_00.528" type="human" depart="928.17" departLane="free" departSpeed="24.10" route="routehighway_0_0" speedFactor="1.02" state="950000 1 5.10 0 1199600" pos="287.25" speed="3.81" posLat="0.00"/>
    <vehicle id="idm_highway_inflow_00.529" type="human" depart="929.92" departLane="free" departSpeed="24.10" route="routehighway_0_0" speedFactor="0.99" state="952800 1 5.10 0 1199600" pos="276.17" speed="2.84" posLat="0.00"/>
    <vehicle id="idm_highway_inflow_00.530" type="human" depart="931.68" departLane="free" departSpeed="24.10" route="routehighway_0_0" speedFactor="1.21" state="957200 1 5.10 0 1199600" pos="266.06" speed="2.02" posLat="0.00"/>
    <vehicle id="idm_highway_inflow_00.531" type="human" depart="933.44" departLane="free" departSpeed="24.10" route="routehighway_0_0" speedFactor="1.02" state="964400 1 5.10 0 1199600" pos="257.27" speed="1.48" posLat="0.00"/>
    <vehicle id="idm_highway_inflow_00.532" type="human" depart="935.19" departLane="free" departSpeed="24.10" route="routehighway_0_0" speedFactor="0.97" state="973600 1 5.10 0 1199600" pos="248.96" speed="1.02" posLat="0.00"/>
    <vehicle id="idm_highway_inflow_00.533" type="human" depart="936.95" departLane="free" departSpeed="24.10" route="routehighway_0_0" speedFactor="0.99" state="978000 1 5.10 0 1199600" pos="241.10" speed="0.67" posLat="0.00"/>
    <vehicle id="idm_highway_inflow_00.534" type="human" depart="938.70" departLane="free" departSpeed="24.10" route="routehighway_0_0" speedFactor="1.04" state="980800 1 5.10 0 1199600" pos="233.57" speed="0.84" posLat="0.00"/>
    <vehicle id="idm_highway_inflow_00.535" type="human" depart="940.46" departLane="free" departSpeed="24.10" route="routehighway_0_0" speedFactor="0.86" state="982800 1 5.10 0 1199600" pos="225.56" speed="1.18" posLat="0.00"/>
    <vehicle id="idm_highway_inflow_00.536" type="human" depart="942.22" departLane="free" departSpeed="24.10" route="routehighway_0_0" speedFactor="0.95" state="984800 1 5.10 0 1199600" pos="217.41" speed="1.14" posLat="0.00"/>
    <vehicle id="idm_highway_inflow_00.537" type="human" depart="943.97" departLane="free" departSpeed="24.10" route="routehighway_0_0" speedFactor="0.85" state="986400 1 5.10 0 1199600" pos="209.23" speed="1.42" posLat="0.00"/>
    <vehicle id="idm_highway_inflow_00.538" type="human" depart="945.73" departLane="free" departSpeed="24.10" route="routehighway_0_0" speedFactor="0.93" state="988000 1 5.10 0 1199600" pos="200.78" speed="1.82" posLat="0.00"/>
    <vehicle id="idm_highway_inflow_00.539" type="human" depart="947.48" departLane="free" departSpeed="24.10" route="routehighway_0_0" speedFactor="1.10" state="989600 1 5.10 0 1199600" pos="192.00" speed="1.94" posLat="0.00"/>
    <vehicle id="idm_highway_inflow_00.540" type="human" depart="949.24" departLane="free" departSpeed="24.10" route="routehighway_0_0" speedFactor="1.17" state="991200 1 5.10 0 1199600" pos="182.31" speed="3.42" posLat="0.00"/>
    <vehicle id="idm_highway_inflow_00.541" type="human" depart="951.00" departLane="free" departSpeed="24.10" route="routehighway_0_0" speedFactor="1.12" state="992800 1 5.10 0 1199600" pos="171.15" speed="4.79" posLat="0.00"/>
    <vehicle id="idm_highway_inflow_00.542" type="human" depart="952.75" departLane="free" departSpeed="24.10" route="routehighway_0_0" speedFactor="1.02" state="994400 1 5.10 0 1199600" pos="157.14" speed="7.07" posLat="0.00"/>
    <vehicle id="idm_highway_inflow_00.543" type="human" depart="954.51" departLane="free" departSpeed="24.10" route="routehighway_0_0" speedFactor="0.90" state="996000 1 5.10 0 1199600" pos="139.74" speed="9.52" posLat="0.00"/>
    <vehicle id="idm_highway_inflow_00.544" type="human" depart="956.26" departLane="free" departSpeed="24.10" route="routehighway_0_0" speedFactor="1.01" state="997600 1 5.10 0 1199600" pos="119.22" speed="11.81" posLat="0.00"/>
    <vehicle id="idm_highway_inflow_00.545" type="human" depart="958.02" departLane="free" departSpeed="24.10" route="routehighway_0_0" speedFactor="1.04" state="999600 1 5.10 0 1199600" pos="96.48" speed="12.20" posLat="0.00"/>
    <vehicle id="idm_highway_inflow_00.546" type="human" depart="959.78" departLane="free" departSpeed="24.10" route="routehighway_0_0" speedFactor="0.98" state="1001200 1 5.10 0 1199600" pos="73.97" speed="11.54" posLat="0.00"/>
    <vehicle id="idm_highway_inflow_00.547" type="human" depart="961.53" departLane="free" departSpeed="24.10" route="routehighway_0_0" speedFactor="1.00" state="1003200 1 5.10 0 1199600" pos="53.10" speed="10.25" posLat="0.00"/>
    <vehicle id="idm_highway_inflow_00.548" type="human" depart="963.29" departLane="free" departSpeed="24.10" route="routehighway_0_0" speedFactor="1.17" state="1005200 1 5.10 0 1199600" pos="33.56" speed="8.90" posLat="0.00"/>
    <vehicle id="idm_highway_inflow_00.549" type="human" depart="965.04" departLane="free" departSpeed="24.10" route="routehighway_0_0" speedFactor="0.96" state="1007200 1 5.10 0 1199600" pos="16.05" speed="7.23" posLat="0.00"/>
    <vehicle id="idm_highway_inflow_00.550" type="human" depart="966.80" departLane="free" departSpeed="24.10" route="routehighway_0_0" speedFactor="0.97" state="1009200 1 5.10 0 1199600" pos="0.70" speed="6.49" posLat="0.00"/>
    <vehicle id="idm_highway_inflow_00.551" type="human" depart="968.56" departLane="free" departSpeed="24.10" route="routehighway_0_0" speedFactor="0.89" state="1011600 0 5.10 0 1199600" pos="1236.29" speed="5.02" posLat="0.00"/>
    <vehicle id="idm_highway_inflow_00.552" type="human" depart="970.31" departLane="free" departSpeed="24.10" route="routehighway_0_0" speedFactor="1.02" state="1014000 0 5.10 0 1199600" pos="1224.27" speed="4.10" posLat="0.00"/>
    <vehicle id="idm_highway_inflow_00.553" type="human" depart="972.07" departLane="free" departSpeed="24.10" route="routehighway_0_0" speedFactor="0.84" state="1017600 0 5.10 0 1199600" pos="1213.43" speed="3.15" posLat="0.00"/>
    <vehicle id="idm_highway_inflow_00.554" type="human" depart="973.82" departLane="free" departSpeed="24.10" route="routehighway_0_0" speedFactor="0.90" state="1022800 0 5.10 0 1199600" pos="1203.70" speed="2.52" posLat="0.00"/>
    <vehicle id="idm_highway_inflow_00.555" type="human" depart="975.58" departLane="free" departSpeed="24.10" route="routehighway_0_0" speedFactor="1.13" state="1031200 0 5.10 0 1199600" pos="1194.44" speed="2.23" posLat="0.00"/>
    <vehicle id="idm_highway_inflow_00.556" type="human" depart="977.34" departLane="free" departSpeed="24.10" route="routehighway_0_0" speedFactor="1.00" state="1038000 0 5.10 0 1199600" pos="1184.99" speed="2.87" posLat="0.00"/>
    <vehicle id="idm_highway_inflow_00.557" type="human" depart="979.09" departLane="free" departSpeed="24.10" route="routehighway_0_0" speedFactor="0.96" state="1042000 0 5.10 0 1199600" pos="1173.80" speed="4.63" posLat="0.00"/>
    <vehicle id="idm_highway_inflow_00.558" type="human" depart="980.85" departLane="free" departSpeed="24.10" route="routehighway_0_0" speedFactor="0.99" state="1044400 0 5.10 0 1199600" pos="1159.03" speed="7.18" posLat="0.00"/>
    <vehicle id="idm_highway_inflow_00.559" type="human" depart="982.60" departLane="free" departSpeed="24.10" route="routehighway_0_0" speedFactor="0.93" state="1046400 0 5.10 0 1199600" pos="1139.04" speed="10.71" posLat="0.00"/>
    <vehicle id="idm_highway_inflow_00.560" type="human" depart="984.36" departLane="free" departSpeed="24.10" route="routehighway_0_0" speedFactor="1.13" state="1048400 0 5.10 0 1199600" pos="1115.66" speed="13.21" posLat="0.00"/>
    <vehicle id="idm_highway_inflow_00.561" type="human" depart="986.12" departLane="free" departSpeed="24.10" route="routehighway_0_0" speedFactor="0.95" state="1050000 0 5.10 0 1199600" pos="1088.88" speed="13.20" posLat="0.00"/>
    <vehicle id="idm_highway_inflow_00.562" type="human" depart="987.87" departLane="free" departSpeed="24.10" route="routehighway_0_0" speedFactor="0.99" state="1051600 0 5.10 0 1199600" pos="1063.95" speed="12.00" posLat="0.00"/>
    <vehicle id="idm_highway_inflow_00.563" type="human" depart="989.63" departLane="free" departSpeed="24.10" route="routehighway_0_0" speedFactor="1.00" state="1053200 0 5.10 0 1199600" pos="1040.38" speed="10.30" posLat="0.00"/>
    <vehicle id="idm_highway_inflow_00.564" type="human" depart="991.38" departLane="free" departSpeed="24.10" route="routehighway_0_0" speedFactor="0.83" state="1054800 0 5.10 0 1199600" pos="1021.19" speed="8.98" posLat="0.00"/>
    <vehicle id="idm_highway_inflow_00.565" type="human" depart="993.14" departLane="free" departSpeed="24.10" route="routehighway_0_0" speedFactor="0.98" state="1056400 0 5.10 0 1199600" pos="1003.40" speed="7.90" posLat="0.00"/>
    <vehicle id="idm_highway_inflow_00.566" type="human" depart="994.90" departLane="free" departSpeed="24.10" route="routehighway_0_0" speedFactor="0.93" state="1058000 0 5.10 0 1199600" pos="985.83" speed="6.33" posLat="0.00"/>
    <vehicle id="idm_highway_inflow_00.567" type="human" depart="996.65" departLane="free" departSpeed="24.10" route="routehighway_0_0" speedFactor="1.07" state="1059600 0 5.10 0 1199600" pos="971.44" speed="4.98" posLat="0.00"/>
    <vehicle id="idm_highway_inflow_00.568" type="human" depart="998.41" departLane="free" departSpeed="24.10" route="routehighway_0_0" speedFactor="0.86" state="1061200 0 5.10 0 1199600" pos="958.76" speed="3.84" posLat="0.00"/>
    <vehicle id="idm_highway_inflow_00.569" type="human" depart="1000.16" departLane="free" departSpeed="24.10" route="routehighway_0_0" speedFactor="0.86" state="1062800 0 5.10 0 1199600" pos="947.57" speed="2.64" posLat="0.00"/>
    <vehicle id="idm_highway_inflow_00.570" type="human" depart="1001.92" departLane="free" departSpeed="24.10" route="routehighway_0_0" speedFactor="1.24" state="1064400 0 5.10 0 1199600" pos="937.73" speed="1.85" posLat="0.00"/>
    <vehicle id="idm_highway_inflow_00.571" type="human" depart="1003.68" departLane="free" departSpeed="24.10" route="routehighway_0_0" speedFactor="1.03" state="1066000 0 5.10 0 1199600" pos="929.10" speed="0.72" posLat="0.00"/>
    <vehicle id="idm_highway_inflow_00.572" type="human" depart="1005.43" departLane="free" departSpeed="24.10" route="routehighway_0_0" speedFactor="1.06" state="1067600 0 5.10 0 1199600" pos="921.72" speed="0.24" posLat="0.00"/>
    <vehicle id="idm_highway_inflow_00.573" type="human" depart="1007.19" departLane="free" departSpeed="24.10" route="routehighway_0_0" speedFactor="0.93" state="1069200 0 5.10 0 1199600" pos="914.76" speed="0.13" posLat="0.00"/>
    <vehicle id="idm_highway_inflow_00.574" type="human" depart="1008.94" departLane="free" departSpeed="24.10" route="routehighway_0_0" speedFactor="0.90" state="1070800 0 5.10 0 1199600" pos="907.03" speed="1.38" posLat="0.00"/>
    <vehicle id="idm_highway_inflow_00.575" type="human" depart="1010.70" departLane="free" departSpeed="24.10" route="routehighway_0_0" speedFactor="0.97" state="1072400 0 5.10 0 1199600" pos="896.66" speed="3.88" posLat="0.00"/>
    <vehicle id="idm_highway_inflow_00.576" type="human" depart="1012.46" departLane="free" departSpeed="24.10" route="routehighway_0_0" speedFactor="1.02" state="1074000 0 5.10 0 1199600" pos="882.20" speed="6.82" posLat="0.00"/>
    <vehicle id="idm_highway_inflow_00.577" type="human" depart="1014.21" departLane="free" departSpeed="24.10" route="routehighway_0_0" speedFactor="0.97" state="1075600 0 5.10 0 1199600" pos="863.17" speed="10.53" posLat="0.00"/>
    <vehicle id="idm_highway_inflow_00.578" type="human" depart="1015.97" departLane="free" departSpeed="24.10" route="routehighway_0_0" speedFactor="0.98" state="1077200 0 5.10 0 1199600" pos="839.64" speed="14.33" posLat="0.00"/>
    <vehicle id="idm_highway_inflow_00.579" type="human" depart="1017.72" departLane="free" departSpeed="24.10" route="routehighway_0_0" speedFactor="0.93" state="1078800 0 5.10 0 1199600" pos="807.99" speed="16.63" posLat="0.00"/>
    <vehicle id="idm_highway_inflow_00.580" type="human" depart="1019.48" departLane="free" departSpeed="24.10" route="routehighway_0_0" speedFactor="0.95" state="1080400 0 5.10 0 1199600" pos="777.09" speed="16.26" posLat="0.00"/>
    <vehicle id="idm_highway_inflow_00.581" type="human" depart="1021.24" departLane="free" departSpeed="24.10" route="routehighway_0_0" speedFactor="0.98" state="1082000 0 5.10 0 1199600" pos="749.33" speed="14.90" posLat="0.00"/>
    <vehicle id="idm_highway_inflow_00.582" type="human" depart="1022.99" departLane="free" departSpeed="24.10" route="routehighway_0_0" speedFactor="0.92" state="1083600 0 5.10 0 1199600" pos="723.61" speed="13.76" posLat="0.00"/>
    <vehicle id="idm_highway_inflow_00.583" type="human" depart="1024.75" departLane="free" departSpeed="24.10" route="routehighway_0_0" speedFactor="1.07" state="1085600 0 5.10 0 1199600" pos="697.83" speed="12.36" posLat="0.00"/>
    <vehicle id="idm_highway_inflow_00.584" type="human" depart="1026.50" departLane="free" departSpeed="24.10" route="routehighway_0_0" speedFactor="1.12" state="1087200 0 5.10 0 1199600" pos="675.08" speed="11.06" posLat="0.00"/>
    <vehicle id="idm_highway_inflow_00.585" type="human" depart="1028.26" departLane="free" departSpeed="24.10" route="routehighway_0_0" speedFactor="1.00" state="1089200 0 5.10 0 1199600" pos="654.73" speed="9.43" posLat="0.00"/>
    <vehicle id="idm_highway_inflow_00.586" type="human" depart="1030.02" departLane="free" departSpeed="24.10" route="routehighway_0_0" speedFactor="1.09" state="1091200 0 5.10 0 1199600" pos="636.90" speed="8.39" posLat="0.00"/>
    <vehicle id="idm_highway_inflow_00.587" type="human" depart="1031.77" departLane="free" departSpeed="24.10" route="routehighway_0_0" speedFactor="1.01" state="1093200 0 5.10 0 1199600" pos="620.11" speed="7.18" posLat="0.00"/>
    <vehicle id="idm_highway_inflow_00.588" type="human" depart="1033.53" departLane="free" departSpeed="24.10" route="routehighway_0_0" speedFactor="0.95" state="1095600 0 5.10 0 1199600" pos="604.32" speed="5.86" posLat="0.00"/>
    <vehicle id="idm_highway_inflow_00.589" type="human" depart="1035.28" departLane="free" departSpeed="24.10" route="routehighway_0_0" speedFactor="0.93" state="1098400 0 5.10 0 1199600" pos="589.86" speed="4.77" posLat="0.00"/>
    <vehicle id="idm_highway_inflow_00.590" type="human" depart="1037.04" departLane="free" departSpeed="24.10" route="routehighway_0_0" speedFactor="1.06" state="1101600 0 5.10 0 1199600" pos="577.81" speed="3.52" posLat="0.00"/>
    <vehicle id="idm_highway_inflow_00.591" type="human" depart="1038.80" departLane="free" departSpeed="24.10" route="routehighway_0_0" speedFactor="1.06" state="1106800 0 5.10 0 1199600" pos="566.92" speed="2.32" posLat="0.00"/>
    <vehicle id="idm_highway_inflow_00.592" type="human" depart="1040.55" departLane="free" departSpeed="24.10" route="routehighway_0_0" speedFactor="1.25" state="1114800 0 5.10 0 1199600" pos="557.46" speed="1.07" posLat="0.00"/>
    <vehicle id="idm_highway_inflow_00.593" type="human" depart="1042.31" departLane="free" departSpeed="24.10" route="routehighway_0_0" speedFactor="1.06" state="1121200 0 5.10 0 1199600" pos="549.74" speed="0.50" posLat="0.00"/>
    <vehicle id="idm_highway_inflow_00.594" type="human" depart="1044.06" departLane="free" departSpeed="24.10" route="routehighway_0_0" speedFactor="1.05" state="1124800 0 5.10 2400 1199600" pos="542.48" speed="0.00" posLat="0.00"/>
    <vehicle id="idm_highway_inflow_00.595" type="human" depart="1045.82" departLane="free" departSpeed="24.10" route="routehighway_0_0" speedFactor="1.12" state="1127200 0 5.10 5200 1199600" pos="535.50" speed="0.00" posLat="0.00"/>
    <vehicle id="idm_highway_inflow_00.596" type="human" depart="1047.58" departLane="free" departSpeed="24.10" route="routehighway_0_0" speedFactor="0.97" state="1129200 0 5.10 4000 1199600" pos="528.61" speed="0.00" posLat="0.00"/>
    <vehicle id="idm_highway_inflow_00.597" type="human" depart="1049.33" departLane="free" departSpeed="24.10" route="routehighway_0_0" speedFactor="0.93" state="1131200 0 5.10 1200 1199600" pos="521.74" speed="0.00" posLat="0.00"/>
    <vehicle id="idm_highway_inflow_00.598" type="human" depart="1051.09" departLane="free" departSpeed="24.10" route="routehighway_0_0" speedFactor="1.11" state="1132800 0 5.10 7600 1199600" pos="514.72" speed="0.04" posLat="0.00"/>
    <vehicle id="idm_highway_inflow_00.599" type="human" depart="1052.84" departLane="free" departSpeed="24.10" route="routehighway_0_0" speedFactor="0.87" state="1134800 0 5.10 5600 1199600" pos="507.89" speed="0.00" posLat="0.00"/>
    <vehicle id="idm_highway_inflow_00.600" type="human" depart="1054.60" departLane="free" departSpeed="24.10" route="routehighway_0_0" speedFactor="1.00" state="1136400 0 5.10 2400 1199600" pos="501.06" speed="0.00" posLat="0.00"/>
    <vehicle id="idm_highway_inflow_00.601" type="human" depart="1056.36" departLane="free" departSpeed="24.10" route="routehighway_0_0" speedFactor="0.99" state="1138000 0 5.10 3200 1199600" pos="494.15" speed="0.00" posLat="0.00"/>
    <vehicle id="idm_highway_inflow_00.602" type="human" depart="1058.11" departLane="free" departSpeed="24.10" route="routehighway_0_0" speedFactor="1.05" state="1139600 0 5.10 2400 1199600" pos="487.26" speed="0.00" posLat="0.00"/>
    <vehicle id="idm_highway_inflow_00.603" type="human" depart="1059.87" departLane="free" departSpeed="24.10" route="routehighway_0_0" speedFactor="1.00" state="1141200 0 5.10 400 1199600" pos="480.40" speed="0.05" posLat="0.00"/>
    <vehicle id="idm_highway_inflow_00.604" type="human" depart="1061.62" departLane="free" departSpeed="24.10" route="routehighway_0_0" speedFactor="0.90" state="1143200 0 5.10 0 1199600" pos="473.05" speed="0.84" posLat="0.00"/>
    <vehicle id="idm_highway_inflow_00.605" type="human" depart="1063.38" departLane="free" departSpeed="24.10" route="routehighway_0_0" speedFactor="0.92" state="1145200 0 5.10 0 1199600" pos="463.76" speed="2.67" posLat="0.00"/>
    <vehicle id="idm_highway_inflow_00.606" type="human" depart="1065.14" departLane="free" departSpeed="24.10" route="routehighway_0_0" speedFactor="0.95" state="1147200 0 5.10 0 1199600" pos="450.57" speed="5.78" posLat="0.00"/>
    <vehicle id="idm_highway_inflow_00.607" type="human" depart="1066.89" departLane="free" departSpeed="24.10" route="routehighway_0_0" speedFactor="0.94" state="1149200 0 5.10 0 1199600" pos="432.36" speed="9.71" posLat="0.00"/>
    <vehicle id="idm_highway_inflow_00.608" type="human" depart="1068.65" departLane="free" departSpeed="24.10" route="routehighway_0_0" speedFactor="0.93" state="1151600 0 5.10 0 1199600" pos="407.48" speed="14.23" posLat="0.00"/>
    <vehicle id="idm_highway_inflow_00.609" type="human" depart="1070.40" departLane="free" departSpeed="24.10" route="routehighway_0_0" speedFactor="1.06" state="1154400 0 5.10 0 1199600" pos="377.78" speed="17.84" posLat="0.00"/>
    <vehicle id="idm_highway_inflow_00.610" type="human" depart="1072.16" departLane="free" departSpeed="24.10" route="routehighway_0_0" speedFactor="1.05" state="1158000 0 5.10 0 1199600" pos="346.18" speed="19.86" posLat="0.00"/>
    <vehicle id="idm_highway_inflow_00.611" type="human" depart="1073.92" departLane="free" departSpeed="24.10" route="routehighway_0_0" speedFactor="1.13" state="1164000 0 5.10 0 1199600" pos="307.63" speed="19.76" posLat="0.00"/>
    <vehicle id="idm_highway_inflow_00.612" type="human" depart="1075.67" departLane="free" departSpeed="24.10" route="routehighway_0_0" speedFactor="1.02" state="1179600 0 5.10 0 1199600" pos="274.37" speed="18.41" posLat="0.00"/>
    <vehicle id="idm_highway_inflow_00.613" type="human" depart="1077.43" departLane="free" departSpeed="24.10" route="routehighway_0_0" speedFactor="0.96" state="1184800 0 5.10 0 1199600" pos="243.41" speed="17.24" posLat="0.00"/>
    <vehicle id="idm_highway_inflow_00.614" type="human" depart="1079.18" departLane="free" departSpeed="24.10" route="routehighway_0_0" speedFactor="1.14" state="1187600 0 5.10 0 1199600" pos="216.59" speed="16.50" posLat="0.00"/>
    <vehicle id="idm_highway_inflow_00.615" type="human" depart="1080.94" departLane="free" departSpeed="24.10" route="routehighway_0_0" speedFactor="1.00" state="1190000 0 5.10 0 1199600" pos="188.86" speed="16.55" posLat="0.00"/>
    <vehicle id="idm_highway_inflow_00.616" type="human" depart="1082.70" departLane="free" departSpeed="24.10" route="routehighway_0_0" speedFactor="1.01" state="1192000 0 5.10 0 1199600" pos="160.57" speed="17.47" posLat="0.00"/>
    <vehicle id="idm_highway_inflow_00.617" type="human" depart="1084.45" departLane="free" departSpeed="24.10" route="routehighway_0_0" speedFactor="1.11" state="1193600 0 5.10 0 1199600" pos="132.30" speed="18.57" posLat="0.00"/>
    <vehicle id="idm_highway_inflow_00.618" type="human" depart="1086.21" departLane="free" departSpeed="24.10" route="routehighway_0_0" speedFactor="1.00" state="1195600 0 5.10 0 1199600" pos="95.33" speed="20.91" posLat="0.00"/>
    <vehicle id="idm_highway_inflow_00.619" type="human" depart="1087.96" departLane="free" departSpeed="24.10" route="routehighway_0_0" speedFactor="0.90" state="1197200 0 5.10 0 1199600" pos="60.72" speed="22.23" posLat="0.00"/>
    <vehicle id="idm_highway_inflow_00.620" type="human" depart="1089.72" departLane="free" departSpeed="24.10" route="routehighway_0_0" speedFactor="1.18" state="1198800 0 5.10 0 1199600" pos="24.08" speed="23.39" posLat="0.00"/>
    <vehicle id="idm_highway_inflow_00.621" type="human" depart="1091.48" departLane="free" departSpeed="24.10" route="routehighway_0_0" speedFactor="1.02" state="9223372036854775807 0 -1.00 0 0" pos="5.10" speed="0.00" posLat="0.00"/>
    <vehicle id="idm_highway_inflow_00.622" type="human" depart="1093.23" departLane="free" departSpeed="24.10" route="routehighway_0_0" speedFactor="1.02" state="9223372036854775807 0 -1.00 0 0" pos="0.00" speed="0.00" posLat="0.00"/>
    <vehicle id="idm_highway_inflow_00.623" type="human" depart="1094.99" departLane="free" departSpeed="24.10" route="routehighway_0_0" speedFactor="1.13" state="9223372036854775807 0 -1.00 0 0" pos="0.00" speed="0.00" posLat="0.00"/>
    <vehicle id="idm_highway_inflow_00.624" type="human" depart="1096.74" departLane="free" departSpeed="24.10" route="routehighway_0_0" speedFactor="1.10" state="9223372036854775807 0 -1.00 0 0" pos="0.00" speed="0.00" posLat="0.00"/>
    <vehicle id="idm_highway_inflow_00.625" type="human" depart="1098.50" departLane="free" departSpeed="24.10" route="routehighway_0_0" speedFactor="1.08" state="9223372036854775807 0 -1.00 0 0" pos="0.00" speed="0.00" posLat="0.00"/>
    <vehicle id="idm_highway_inflow_00.626" type="human" depart="1100.26" departLane="free" departSpeed="24.10" route="routehighway_0_0" speedFactor="1.05" state="9223372036854775807 0 -1.00 0 0" pos="0.00" speed="0.00" posLat="0.00"/>
    <vehicle id="idm_highway_inflow_00.627" type="human" depart="1102.01" departLane="free" departSpeed="24.10" route="routehighway_0_0" speedFactor="0.90" state="9223372036854775807 0 -1.00 0 0" pos="0.00" speed="0.00" posLat="0.00"/>
    <vehicle id="idm_highway_inflow_00.628" type="human" depart="1103.77" departLane="free" departSpeed="24.10" route="routehighway_0_0" speedFactor="0.93" state="9223372036854775807 0 -1.00 0 0" pos="0.00" speed="0.00" posLat="0.00"/>
    <vehicle id="idm_highway_inflow_00.629" type="human" depart="1105.52" departLane="free" departSpeed="24.10" route="routehighway_0_0" speedFactor="0.90" state="9223372036854775807 0 -1.00 0 0" pos="0.00" speed="0.00" posLat="0.00"/>
    <vehicle id="idm_highway_inflow_00.630" type="human" depart="1107.28" departLane="free" departSpeed="24.10" route="routehighway_0_0" speedFactor="1.03" state="9223372036854775807 0 -1.00 0 0" pos="0.00" speed="0.00" posLat="0.00"/>
    <vehicle id="idm_highway_inflow_00.631" type="human" depart="1109.04" departLane="free" departSpeed="24.10" route="routehighway_0_0" speedFactor="1.05" state="9223372036854775807 0 -1.00 0 0" pos="0.00" speed="0.00" posLat="0.00"/>
    <vehicle id="idm_highway_inflow_00.632" type="human" depart="1110.79" departLane="free" departSpeed="24.10" route="routehighway_0_0" speedFactor="1.22" state="9223372036854775807 0 -1.00 0 0" pos="0.00" speed="0.00" posLat="0.00"/>
    <vehicle id="idm_highway_inflow_00.633" type="human" depart="1112.55" departLane="free" departSpeed="24.10" route="routehighway_0_0" speedFactor="1.01" state="9223372036854775807 0 -1.00 0 0" pos="0.00" speed="0.00" posLat="0.00"/>
    <vehicle id="idm_highway_inflow_00.634" type="human" depart="1114.30" departLane="free" departSpeed="24.10" route="routehighway_0_0" speedFactor="1.03" state="9223372036854775807 0 -1.00 0 0" pos="0.00" speed="0.00" posLat="0.00"/>
    <vehicle id="idm_highway_inflow_00.635" type="human" depart="1116.06" departLane="free" departSpeed="24.10" route="routehighway_0_0" speedFactor="1.13" state="9223372036854775807 0 -1.00 0 0" pos="0.00" speed="0.00" posLat="0.00"/>
    <vehicle id="idm_highway_inflow_00.636" type="human" depart="1117.82" departLane="free" departSpeed="24.10" route="routehighway_0_0" speedFactor="1.02" state="9223372036854775807 0 -1.00 0 0" pos="0.00" speed="0.00" posLat="0.00"/>
    <vehicle id="idm_highway_inflow_00.637" type="human" depart="1119.57" departLane="free" departSpeed="24.10" route="routehighway_0_0" speedFactor="0.99" state="9223372036854775807 0 -1.00 0 0" pos="0.00" speed="0.00" posLat="0.00"/>
    <vehicle id="idm_highway_inflow_00.638" type="human" depart="1121.33" departLane="free" departSpeed="24.10" route="routehighway_0_0" speedFactor="1.05" state="9223372036854775807 0 -1.00 0 0" pos="0.00" speed="0.00" posLat="0.00"/>
    <vehicle id="idm_highway_inflow_00.639" type="human" depart="1123.08" departLane="free" departSpeed="24.10" route="routehighway_0_0" speedFactor="0.98" state="9223372036854775807 0 -1.00 0 0" pos="0.00" speed="0.00" posLat="0.00"/>
    <vehicle id="idm_highway_inflow_00.640" type="human" depart="1124.84" departLane="free" departSpeed="24.10" route="routehighway_0_0" speedFactor="0.93" state="9223372036854775807 0 -1.00 0 0" pos="0.00" speed="0.00" posLat="0.00"/>
    <vehicle id="idm_highway_inflow_00.641" type="human" depart="1126.60" departLane="free" departSpeed="24.10" route="routehighway_0_0" speedFactor="1.06" state="9223372036854775807 0 -1.00 0 0" pos="0.00" speed="0.00" posLat="0.00"/>
    <vehicle id="idm_highway_inflow_00.642" type="human" depart="1128.35" departLane="free" departSpeed="24.10" route="routehighway_0_0" speedFactor="1.10" state="9223372036854775807 0 -1.00 0 0" pos="0.00" speed="0.00" posLat="0.00"/>
    <vehicle id="idm_highway_inflow_00.643" type="human" depart="1130.11" departLane="free" departSpeed="24.10" route="routehighway_0_0" speedFactor="0.95" state="9223372036854775807 0 -1.00 0 0" pos="0.00" speed="0.00" posLat="0.00"/>
    <vehicle id="idm_highway_inflow_00.644" type="human" depart="1131.86" departLane="free" departSpeed="24.10" route="routehighway_0_0" speedFactor="0.91" state="9223372036854775807 0 -1.00 0 0" pos="0.00" speed="0.00" posLat="0.00"/>
    <vehicle id="idm_highway_inflow_00.645" type="human" depart="1133.62" departLane="free" departSpeed="24.10" route="routehighway_0_0" speedFactor="0.84" state="9223372036854775807 0 -1.00 0 0" pos="0.00" speed="0.00" posLat="0.00"/>
    <vehicle id="idm_highway_inflow_00.646" type="human" depart="1135.38" departLane="free" departSpeed="24.10" route="routehighway_0_0" speedFactor="1.04" state="9223372036854775807 0 -1.00 0 0" pos="0.00" speed="0.00" posLat="0.00"/>
    <vehicle id="idm_highway_inflow_00.647" type="human" depart="1137.13" departLane="free" departSpeed="24.10" route="routehighway_0_0" speedFactor="0.97" state="9223372036854775807 0 -1.00 0 0" pos="0.00" speed="0.00" posLat="0.00"/>
    <vehicle id="idm_highway_inflow_00.648" type="human" depart="1138.89" departLane="free" departSpeed="24.10" route="routehighway_0_0" speedFactor="0.96" state="9223372036854775807 0 -1.00 0 0" pos="0.00" speed="0.00" posLat="0.00"/>
    <vehicle id="idm_highway_inflow_00.649" type="human" depart="1140.64" departLane="free" departSpeed="24.10" route="routehighway_0_0" speedFactor="0.81" state="9223372036854775807 0 -1.00 0 0" pos="0.00" speed="0.00" posLat="0.00"/>
    <vehicle id="idm_highway_inflow_00.650" type="human" depart="1142.40" departLane="free" departSpeed="24.10" route="routehighway_0_0" speedFactor="1.04" state="9223372036854775807 0 -1.00 0 0" pos="0.00" speed="0.00" posLat="0.00"/>
    <vehicle id="idm_highway_inflow_00.651" type="human" depart="1144.16" departLane="free" departSpeed="24.10" route="routehighway_0_0" speedFactor="1.01" state="9223372036854775807 0 -1.00 0 0" pos="0.00" speed="0.00" posLat="0.00"/>
    <vehicle id="idm_highway_inflow_00.652" type="human" depart="1145.91" departLane="free" departSpeed="24.10" route="routehighway_0_0" speedFactor="0.97" state="9223372036854775807 0 -1.00 0 0" pos="0.00" speed="0.00" posLat="0.00"/>
    <vehicle id="idm_highway_inflow_00.653" type="human" depart="1147.67" departLane="free" departSpeed="24.10" route="routehighway_0_0" speedFactor="0.87" state="9223372036854775807 0 -1.00 0 0" pos="0.00" speed="0.00" posLat="0.00"/>
    <vehicle id="idm_highway_inflow_00.654" type="human" depart="1149.42" departLane="free" departSpeed="24.10" route="routehighway_0_0" speedFactor="1.00" state="9223372036854775807 0 -1.00 0 0" pos="0.00" speed="0.00" posLat="0.00"/>
    <vehicle id="idm_highway_inflow_00.655" type="human" depart="1151.18" departLane="free" departSpeed="24.10" route="routehighway_0_0" speedFactor="1.00" state="9223372036854775807 0 -1.00 0 0" pos="0.00" speed="0.00" posLat="0.00"/>
    <vehicle id="idm_highway_inflow_00.656" type="human" depart="1152.94" departLane="free" departSpeed="24.10" route="routehighway_0_0" speedFactor="1.10" state="9223372036854775807 0 -1.00 0 0" pos="0.00" speed="0.00" posLat="0.00"/>
    <vehicle id="idm_highway_inflow_00.657" type="human" depart="1154.69" departLane="free" departSpeed="24.10" route="routehighway_0_0" speedFactor="1.03" state="9223372036854775807 0 -1.00 0 0" pos="0.00" speed="0.00" posLat="0.00"/>
    <vehicle id="idm_highway_inflow_00.658" type="human" depart="1156.45" departLane="free" departSpeed="24.10" route="routehighway_0_0" speedFactor="0.88" state="9223372036854775807 0 -1.00 0 0" pos="0.00" speed="0.00" posLat="0.00"/>
    <vehicle id="idm_highway_inflow_00.659" type="human" depart="1158.20" departLane="free" departSpeed="24.10" route="routehighway_0_0" speedFactor="0.83" state="9223372036854775807 0 -1.00 0 0" pos="0.00" speed="0.00" posLat="0.00"/>
    <vehicle id="idm_highway_inflow_00.660" type="human" depart="1159.96" departLane="free" departSpeed="24.10" route="routehighway_0_0" speedFactor="0.98" state="9223372036854775807 0 -1.00 0 0" pos="0.00" speed="0.00" posLat="0.00"/>
    <vehicle id="idm_highway_inflow_00.661" type="human" depart="1161.72" departLane="free" departSpeed="24.10" route="routehighway_0_0" speedFactor="1.06" state="9223372036854775807 0 -1.00 0 0" pos="0.00" speed="0.00" posLat="0.00"/>
    <vehicle id="idm_highway_inflow_00.662" type="human" depart="1163.47" departLane="free" departSpeed="24.10" route="routehighway_0_0" speedFactor="0.88" state="9223372036854775807 0 -1.00 0 0" pos="0.00" speed="0.00" posLat="0.00"/>
    <vehicle id="idm_highway_inflow_00.663" type="human" depart="1165.23" departLane="free" departSpeed="24.10" route="routehighway_0_0" speedFactor="1.19" state="9223372036854775807 0 -1.00 0 0" pos="0.00" speed="0.00" posLat="0.00"/>
    <vehicle id="idm_highway_inflow_00.664" type="human" depart="1166.98" departLane="free" departSpeed="24.10" route="routehighway_0_0" speedFactor="1.05" state="9223372036854775807 0 -1.00 0 0" pos="0.00" speed="0.00" posLat="0.00"/>
    <vehicle id="idm_highway_inflow_00.665" type="human" depart="1168.74" departLane="free" departSpeed="24.10" route="routehighway_0_0" speedFactor="1.00" state="9223372036854775807 0 -1.00 0 0" pos="0.00" speed="0.00" posLat="0.00"/>
    <vehicle id="idm_highway_inflow_00.666" type="human" depart="1170.50" departLane="free" departSpeed="24.10" route="routehighway_0_0" speedFactor="1.06" state="9223372036854775807 0 -1.00 0 0" pos="0.00" speed="0.00" posLat="0.00"/>
    <vehicle id="idm_highway_inflow_00.667" type="human" depart="1172.25" departLane="free" departSpeed="24.10" route="routehighway_0_0" speedFactor="1.07" state="9223372036854775807 0 -1.00 0 0" pos="0.00" speed="0.00" posLat="0.00"/>
    <vehicle id="idm_highway_inflow_00.668" type="human" depart="1174.01" departLane="free" departSpeed="24.10" route="routehighway_0_0" speedFactor="0.94" state="9223372036854775807 0 -1.00 0 0" pos="0.00" speed="0.00" posLat="0.00"/>
    <vehicle id="idm_highway_inflow_00.669" type="human" depart="1175.76" departLane="free" departSpeed="24.10" route="routehighway_0_0" speedFactor="1.00" state="9223372036854775807 0 -1.00 0 0" pos="0.00" speed="0.00" posLat="0.00"/>
    <vehicle id="idm_highway_inflow_00.670" type="human" depart="1177.52" departLane="free" departSpeed="24.10" route="routehighway_0_0" speedFactor="1.07" state="9223372036854775807 0 -1.00 0 0" pos="0.00" speed="0.00" posLat="0.00"/>
    <vehicle id="idm_highway_inflow_00.671" type="human" depart="1179.28" departLane="free" departSpeed="24.10" route="routehighway_0_0" speedFactor="1.14" state="9223372036854775807 0 -1.00 0 0" pos="0.00" speed="0.00" posLat="0.00"/>
    <vehicle id="idm_highway_inflow_00.672" type="human" depart="1181.03" departLane="free" departSpeed="24.10" route="routehighway_0_0" speedFactor="0.88" state="9223372036854775807 0 -1.00 0 0" pos="0.00" speed="0.00" posLat="0.00"/>
    <vehicle id="idm_highway_inflow_00.673" type="human" depart="1182.79" departLane="free" departSpeed="24.10" route="routehighway_0_0" speedFactor="1.02" state="9223372036854775807 0 -1.00 0 0" pos="0.00" speed="0.00" posLat="0.00"/>
    <vehicle id="idm_highway_inflow_00.674" type="human" depart="1184.54" departLane="free" departSpeed="24.10" route="routehighway_0_0" speedFactor="0.89" state="9223372036854775807 0 -1.00 0 0" pos="0.00" speed="0.00" posLat="0.00"/>
    <vehicle id="idm_highway_inflow_00.675" type="human" depart="1186.30" departLane="free" departSpeed="24.10" route="routehighway_0_0" speedFactor="1.18" state="9223372036854775807 0 -1.00 0 0" pos="0.00" speed="0.00" posLat="0.00"/>
    <vehicle id="idm_highway_inflow_00.676" type="human" depart="1188.06" departLane="free" departSpeed="24.10" route="routehighway_0_0" speedFactor="1.13" state="9223372036854775807 0 -1.00 0 0" pos="0.00" speed="0.00" posLat="0.00"/>
    <vehicle id="idm_highway_inflow_00.677" type="human" depart="1189.81" departLane="free" departSpeed="24.10" route="routehighway_0_0" speedFactor="1.02" state="9223372036854775807 0 -1.00 0 0" pos="0.00" speed="0.00" posLat="0.00"/>
    <vehicle id="idm_highway_inflow_00.678" type="human" depart="1191.57" departLane="free" departSpeed="24.10" route="routehighway_0_0" speedFactor="0.99" state="9223372036854775807 0 -1.00 0 0" pos="0.00" speed="0.00" posLat="0.00"/>
    <vehicle id="idm_highway_inflow_00.679" type="human" depart="1193.32" departLane="free" departSpeed="24.10" route="routehighway_0_0" speedFactor="0.99" state="9223372036854775807 0 -1.00 0 0" pos="0.00" speed="0.00" posLat="0.00"/>
    <vehicle id="idm_highway_inflow_00.680" type="human" depart="1195.08" departLane="free" departSpeed="24.10" route="routehighway_0_0" speedFactor="1.02" state="9223372036854775807 0 -1.00 0 0" pos="0.00" speed="0.00" posLat="0.00"/>
    <vehicle id="idm_highway_inflow_00.681" type="human" depart="1196.84" departLane="free" departSpeed="24.10" route="routehighway_0_0" speedFactor="1.13" state="9223372036854775807 0 -1.00 0 0" pos="0.00" speed="0.00" posLat="0.00"/>
    <vehicle id="idm_highway_inflow_00.682" type="human" depart="1198.59" departLane="free" departSpeed="24.10" route="routehighway_0_0" speedFactor="0.97" state="9223372036854775807 0 -1.00 0 0" pos="0.00" speed="0.00" posLat="0.00"/>
    <lane id=":edge_1_0_0">
        <vehicles value=""/>
    </lane>
    <lane id=":edge_2_0_0">
        <vehicles value=""/>
    </lane>
    <lane id="highway_0_0">
        <vehicles value="idm_highway_inflow_00.620 idm_highway_inflow_00.619 idm_highway_inflow_00.618 idm_highway_inflow_00.617 idm_highway_inflow_00.616 idm_highway_inflow_00.615 idm_highway_inflow_00.614 idm_highway_inflow_00.613 idm_highway_inflow_00.612 idm_highway_inflow_00.611 idm_highway_inflow_00.610 idm_highway_inflow_00.609 idm_highway_inflow_00.608 idm_highway_inflow_00.607 idm_highway_inflow_00.606 idm_highway_inflow_00.605 idm_highway_inflow_00.604 idm_highway_inflow_00.603 idm_highway_inflow_00.602 idm_highway_inflow_00.601 idm_highway_inflow_00.600 idm_highway_inflow_00.599 idm_highway_inflow_00.598 idm_highway_inflow_00.597 idm_highway_inflow_00.596 idm_highway_inflow_00.595 idm_highway_inflow_00.594 idm_highway_inflow_00.593 idm_highway_inflow_00.592 idm_highway_inflow_00.591 idm_highway_inflow_00.590 idm_highway_inflow_00.589 idm_highway_inflow_00.588 idm_highway_inflow_00.587 idm_highway_inflow_00.586 idm_highway_inflow_00.585 idm_highway_inflow_00.584 idm_highway_inflow_00.583 idm_highway_inflow_00.582 idm_highway_inflow_00.581 idm_highway_inflow_00.580 idm_highway_inflow_00.579 idm_highway_inflow_00.578 idm_highway_inflow_00.577 idm_highway_inflow_00.576 idm_highway_inflow_00.575 idm_highway_inflow_00.574 idm_highway_inflow_00.573 idm_highway_inflow_00.572 idm_highway_inflow_00.571 idm_highway_inflow_00.570 idm_highway_inflow_00.569 idm_highway_inflow_00.568 idm_highway_inflow_00.567 idm_highway_inflow_00.566 idm_highway_inflow_00.565 idm_highway_inflow_00.564 idm_highway_inflow_00.563 idm_highway_inflow_00.562 idm_highway_inflow_00.561 idm_highway_inflow_00.560 idm_highway_inflow_00.559 idm_highway_inflow_00.558 idm_highway_inflow_00.557 idm_highway_inflow_00.556 idm_highway_inflow_00.555 idm_highway_inflow_00.554 idm_highway_inflow_00.553 idm_highway_inflow_00.552 idm_highway_inflow_00.551"/>
    </lane>
    <lane id="highway_1_0">
        <vehicles value="idm_highway_inflow_00.550 idm_highway_inflow_00.549 idm_highway_inflow_00.548 idm_highway_inflow_00.547 idm_highway_inflow_00.546 idm_highway_inflow_00.545 idm_highway_inflow_00.544 idm_highway_inflow_00.543 idm_highway_inflow_00.542 idm_highway_inflow_00.541 idm_highway_inflow_00.540 idm_highway_inflow_00.539 idm_highway_inflow_00.538 idm_highway_inflow_00.537 idm_highway_inflow_00.536 idm_highway_inflow_00.535 idm_highway_inflow_00.534 idm_highway_inflow_00.533 idm_highway_inflow_00.532 idm_highway_inflow_00.531 idm_highway_inflow_00.530 idm_highway_inflow_00.529 idm_highway_inflow_00.528 idm_highway_inflow_00.527 idm_highway_inflow_00.526 idm_highway_inflow_00.525 idm_highway_inflow_00.524 idm_highway_inflow_00.523 idm_highway_inflow_00.522 idm_highway_inflow_00.521 idm_highway_inflow_00.520 idm_highway_inflow_00.519 idm_highway_inflow_00.518 idm_highway_inflow_00.517 idm_highway_inflow_00.516 idm_highway_inflow_00.515 idm_highway_inflow_00.514 idm_highway_inflow_00.513 idm_highway_inflow_00.512 idm_highway_inflow_00.511 idm_highway_inflow_00.510 idm_highway_inflow_00.509 idm_highway_inflow_00.508 idm_highway_inflow_00.507 idm_highway_inflow_00.506 idm_highway_inflow_00.505 idm_highway_inflow_00.504 idm_highway_inflow_00.503 idm_highway_inflow_00.502 idm_highway_inflow_00.501 idm_highway_inflow_00.500 idm_highway_inflow_00.499 idm_highway_inflow_00.498 idm_highway_inflow_00.497 idm_highway_inflow_00.496 idm_highway_inflow_00.495 idm_highway_inflow_00.494 idm_highway_inflow_00.493 idm_highway_inflow_00.492 idm_highway_inflow_00.491 idm_highway_inflow_00.490 idm_highway_inflow_00.489 idm_highway_inflow_00.488 idm_highway_inflow_00.487 idm_highway_inflow_00.486 idm_highway_inflow_00.485 idm_highway_inflow_00.484 idm_highway_inflow_00.483 idm_highway_inflow_00.482 idm_highway_inflow_00.481 idm_highway_inflow_00.480 idm_highway_inflow_00.479 idm_highway_inflow_00.478 idm_highway_inflow_00.477 idm_highway_inflow_00.476 idm_highway_inflow_00.475 idm_highway_inflow_00.474 idm_highway_inflow_00.473 idm_highway_inflow_00.472 idm_highway_inflow_00.471 idm_highway_inflow_00.470 idm_highway_inflow_00.469 idm_highway_inflow_00.468 idm_highway_inflow_00.467 idm_highway_inflow_00.466 idm_highway_inflow_00.465 idm_highway_inflow_00.464 idm_highway_inflow_00.463 idm_highway_inflow_00.462 idm_highway_inflow_00.461 idm_highway_inflow_00.460 idm_highway_inflow_00.459 idm_highway_inflow_00.458 idm_highway_inflow_00.457 idm_highway_inflow_00.456 idm_highway_inflow_00.455 idm_highway_inflow_00.454"/>
    </lane>
    <lane id="highway_end_0">
        <vehicles value="idm_highway_inflow_00.453 idm_highway_inflow_00.452 idm_highway_inflow_00.451 idm_highway_inflow_00.450 idm_highway_inflow_00.449 idm_highway_inflow_00.448 idm_highway_inflow_00.447 idm_highway_inflow_00.446 idm_highway_inflow_00.445 idm_highway_inflow_00.444 idm_highway_inflow_00.443 idm_highway_inflow_00.442 idm_highway_inflow_00.441 idm_highway_inflow_00.440 idm_highway_inflow_00.439 idm_highway_inflow_00.438 idm_highway_inflow_00.437 idm_highway_inflow_00.436 idm_highway_inflow_00.435 idm_highway_inflow_00.434 idm_highway_inflow_00.433 idm_highway_inflow_00.432 idm_highway_inflow_00.431 idm_highway_inflow_00.430 idm_highway_inflow_00.429"/>
    </lane>
</snapshot>
