<?xml version="1.0" encoding="UTF-8"?>

<!-- generated on Tue Jan 19 18:17:23 2021 by Eclipse SUMO Version 1.1.0
<configuration xmlns:xsi="http://www.w3.org/2001/XMLSchema-instance" xsi:noNamespaceSchemaLocation="http://sumo.dlr.de/xsd/sumoConfiguration.xsd">

    <input>
        <net-file value="/tmp/flow/debug/cfg/highway-single_20210119-1815491611108949.9621854.net.xml"/>
        <route-files value="/tmp/flow/debug/cfg/highway-single_20210119-1815491611108949.9621854.rou.xml"/>
        <additional-files value="/tmp/flow/debug/cfg/highway-single_20210119-1815491611108949.9621854.add.xml"/>
    </input>

    <output>
        <save-state.times value="1200"/>
        <save-state.files value="warmup/highway/7.xml"/>
    </output>

    <time>
        <begin value="0"/>
        <step-length value="0.4"/>
    </time>

    <processing>
        <step-method.ballistic value="true"/>
        <collision.check-junctions value="true"/>
        <time-to-teleport value="-1"/>
    </processing>

    <report>
        <no-step-log value="true"/>
    </report>

    <traci_server>
        <remote-port value="41499"/>
        <num-clients value="1"/>
    </traci_server>

    <gui_only>
        <gui-settings-file value="/tmp/flow/debug/cfg/highway-single_20210119-1815491611108949.9621854.gui.cfg"/>
        <tracker-interval value="0.4"/>
    </gui_only>

</configuration>
-->

<snapshot xmlns:xsi="http://www.w3.org/2001/XMLSchema-instance" xsi:noNamespaceSchemaLocation="http://sumo.dlr.de/xsd/state_file.xsd" version="1.1.0" time="1200.00">
    <route id="routehighway_0_0" state="1" edges="highway_0 highway_1 highway_end"/>
    <route id="routehighway_1_0" state="1" edges="highway_1 highway_end"/>
    <route id="routehighway_end_0" state="1" edges="highway_end"/>
    <flowState id="idm_highway_inflow_00" index="683"/>
    <delay number="197" begin="683" end="428" depart="6393.20" time="127884.40"/>
    <vType id="DEFAULT_BIKETYPE" vClass="bicycle"/>
    <vType id="DEFAULT_PEDTYPE" vClass="pedestrian"/>
    <vType id="DEFAULT_VEHTYPE"/>
    <vType id="human" minGap="0.50" maxSpeed="30.00" speedFactor="normc(1.00,0.10,0.20,2.00)" impatience="0.50" laneChangeModel="LC2013" lcStrategic="1.0" lcCooperative="1.0" lcSpeedGain="1.0" lcKeepRight="1.0" carFollowModel="IDM" accel="2.6" decel="4.5" tau="1.0"/>
    <vehicle id="idm_highway_inflow_00.428" type="human" depart="752.57" departLane="free" departSpeed="24.10" route="routehighway_0_0" speedFactor="0.97" state="752400 2 5.10 0 1199600" pos="299.69" speed="5.00" posLat="0.00"/>
    <vehicle id="idm_highway_inflow_00.429" type="human" depart="754.32" departLane="free" departSpeed="24.10" route="routehighway_0_0" speedFactor="1.23" state="754000 2 5.10 0 1199600" pos="287.42" speed="5.00" posLat="0.00"/>
    <vehicle id="idm_highway_inflow_00.430" type="human" depart="756.08" departLane="free" departSpeed="24.10" route="routehighway_0_0" speedFactor="1.32" state="756000 2 5.10 0 1199600" pos="274.98" speed="5.00" posLat="0.00"/>
    <vehicle id="idm_highway_inflow_00.431" type="human" depart="757.84" departLane="free" departSpeed="24.10" route="routehighway_0_0" speedFactor="0.83" state="757600 2 5.10 0 1199600" pos="262.94" speed="5.00" posLat="0.00"/>
    <vehicle id="idm_highway_inflow_00.432" type="human" depart="759.59" departLane="free" departSpeed="24.10" route="routehighway_0_0" speedFactor="1.05" state="759200 2 5.10 0 1199600" pos="250.68" speed="4.96" posLat="0.00"/>
    <vehicle id="idm_highway_inflow_00.433" type="human" depart="761.35" departLane="free" departSpeed="24.10" route="routehighway_0_0" speedFactor="1.05" state="761200 2 5.10 0 1199600" pos="238.62" speed="4.88" posLat="0.00"/>
    <vehicle id="idm_highway_inflow_00.434" type="human" depart="763.10" departLane="free" departSpeed="24.10" route="routehighway_0_0" speedFactor="0.83" state="762800 2 5.10 0 1199600" pos="226.49" speed="4.95" posLat="0.00"/>
    <vehicle id="idm_highway_inflow_00.435" type="human" depart="764.86" departLane="free" departSpeed="24.10" route="routehighway_0_0" speedFactor="1.06" state="764800 2 5.10 0 1199600" pos="214.45" speed="4.87" posLat="0.00"/>
    <vehicle id="idm_highway_inflow_00.436" type="human" depart="766.62" departLane="free" departSpeed="24.10" route="routehighway_0_0" speedFactor="0.88" state="766400 2 5.10 0 1199600" pos="202.45" speed="4.86" posLat="0.00"/>
    <vehicle id="idm_highway_inflow_00.437" type="human" depart="768.37" departLane="free" departSpeed="24.10" route="routehighway_0_0" speedFactor="1.04" state="768000 2 5.10 0 1199600" pos="190.03" speed="4.95" posLat="0.00"/>
    <vehicle id="idm_highway_inflow_00.438" type="human" depart="770.13" departLane="free" departSpeed="24.10" route="routehighway_0_0" speedFactor="1.17" state="770000 2 5.10 0 1199600" pos="177.82" speed="4.88" posLat="0.00"/>
    <vehicle id="idm_highway_inflow_00.439" type="human" depart="771.88" departLane="free" departSpeed="24.10" route="routehighway_0_0" speedFactor="0.93" state="771600 2 5.10 0 1199600" pos="165.73" speed="4.79" posLat="0.00"/>
    <vehicle id="idm_highway_inflow_00.440" type="human" depart="773.64" departLane="free" departSpeed="24.10" route="routehighway_0_0" speedFactor="0.89" state="773600 2 5.10 0 1199600" pos="153.63" speed="5.00" posLat="0.00"/>
    <vehicle id="idm_highway_inflow_00.441" type="human" depart="775.40" departLane="free" departSpeed="24.10" route="routehighway_0_0" speedFactor="0.93" state="775200 2 5.10 0 1199600" pos="141.68" speed="5.00" posLat="0.00"/>
    <vehicle id="idm_highway_inflow_00.442" type="human" depart="777.15" departLane="free" departSpeed="24.10" route="routehighway_0_0" speedFactor="1.11" state="776800 2 5.10 0 1199600" pos="129.64" speed="4.88" posLat="0.00"/>
    <vehicle id="idm_highway_inflow_00.443" type="human" depart="778.91" departLane="free" departSpeed="24.10" route="routehighway_0_0" speedFactor="1.24" state="778800 2 5.10 0 1199600" pos="117.48" speed="4.90" posLat="0.00"/>
    <vehicle id="idm_highway_inflow_00.444" type="human" depart="780.66" departLane="free" departSpeed="24.10" route="routehighway_0_0" speedFactor="0.96" state="780400 2 5.10 0 1199600" pos="105.05" speed="5.00" posLat="0.00"/>
    <vehicle id="idm_highway_inflow_00.445" type="human" depart="782.42" departLane="free" departSpeed="24.10" route="routehighway_0_0" speedFactor="0.97" state="782400 2 5.10 0 1199600" pos="92.77" speed="4.86" posLat="0.00"/>
    <vehicle id="idm_highway_inflow_00.446" type="human" depart="784.18" departLane="free" departSpeed="24.10" route="routehighway_0_0" speedFactor="1.02" state="784000 2 5.10 0 1199600" pos="80.86" speed="4.87" posLat="0.00"/>
    <vehicle id="idm_highway_inflow_00.447" type="human" depart="785.93" departLane="free" departSpeed="24.10" route="routehighway_0_0" speedFactor="1.20" state="785600 2 5.10 0 1199600" pos="68.80" speed="5.00" posLat="0.00"/>
    <vehicle id="idm_highway_inflow_00.448" type="human" depart="787.69" departLane="free" departSpeed="24.10" route="routehighway_0_0" speedFactor="0.88" state="787600 2 5.10 0 1199600" pos="56.56" speed="4.98" posLat="0.00"/>
    <vehicle id="idm_highway_inflow_00.449" type="human" depart="789.44" departLane="free" departSpeed="24.10" route="routehighway_0_0" speedFactor="1.12" state="789200 2 5.10 0 1199600" pos="44.50" speed="4.93" posLat="0.00"/>
    <vehicle id="idm_highway_inflow_00.450" type="human" depart="791.20" departLane="free" departSpeed="24.10" route="routehighway_0_0" speedFactor="1.07" state="791200 2 5.10 0 1199600" pos="32.43" speed="5.00" posLat="0.00"/>
    <vehicle id="idm_highway_inflow_00.451" type="human" depart="792.96" departLane="free" departSpeed="24.10" route="routehighway_0_0" speedFactor="0.89" state="792800 2 5.10 0 1199600" pos="20.28" speed="4.78" posLat="0.00"/>
    <vehicle id="idm_highway_inflow_00.452" type="human" depart="794.71" departLane="free" departSpeed="24.10" route="routehighway_0_0" speedFactor="0.98" state="794400 2 5.10 0 1199600" pos="8.35" speed="4.97" posLat="0.00"/>
    <vehicle id="idm_highway_inflow_00.453" type="human" depart="796.47" departLane="free" departSpeed="24.10" route="routehighway_0_0" speedFactor="0.99" state="796400 1 5.10 0 1199600" pos="1246.49" speed="5.00" posLat="0.00"/>
    <vehicle id="idm_highway_inflow_00.454" type="human" depart="798.22" departLane="free" departSpeed="24.10" route="routehighway_0_0" speedFactor="0.86" state="798000 1 5.10 0 1199600" pos="1234.75" speed="4.82" posLat="0.00"/>
    <vehicle id="idm_highway_inflow_00.455" type="human" depart="799.98" departLane="free" departSpeed="24.10" route="routehighway_0_0" speedFactor="0.89" state="799600 1 5.10 0 1199600" pos="1223.06" speed="4.91" posLat="0.00"/>
    <vehicle id="idm_highway_inflow_00.456" type="human" depart="801.74" departLane="free" departSpeed="24.10" route="routehighway_0_0" speedFactor="1.08" state="801600 1 5.10 0 1199600" pos="1210.91" speed="5.02" posLat="0.00"/>
    <vehicle id="idm_highway_inflow_00.457" type="human" depart="803.49" departLane="free" departSpeed="24.10" route="routehighway_0_0" speedFactor="1.11" state="803200 1 5.10 0 1199600" pos="1198.89" speed="4.79" posLat="0.00"/>
    <vehicle id="idm_highway_inflow_00.458" type="human" depart="805.25" departLane="free" departSpeed="24.10" route="routehighway_0_0" speedFactor="1.05" state="805200 1 5.10 0 1199600" pos="1186.86" speed="4.82" posLat="0.00"/>
    <vehicle id="idm_highway_inflow_00.459" type="human" depart="807.00" departLane="free" departSpeed="24.10" route="routehighway_0_0" speedFactor="0.89" state="806800 1 5.10 0 1199600" pos="1174.90" speed="4.97" posLat="0.00"/>
    <vehicle id="idm_highway_inflow_00.460" type="human" depart="808.76" departLane="free" departSpeed="24.10" route="routehighway_0_0" speedFactor="1.12" state="808400 1 5.10 0 1199600" pos="1162.90" speed="4.93" posLat="0.00"/>
    <vehicle id="idm_highway_inflow_00.461" type="human" depart="810.52" departLane="free" departSpeed="24.10" route="routehighway_0_0" speedFactor="0.92" state="810400 1 5.10 0 1199600" pos="1150.91" speed="4.87" posLat="0.00"/>
    <vehicle id="idm_highway_inflow_00.462" type="human" depart="812.27" departLane="free" departSpeed="24.10" route="routehighway_0_0" speedFactor="1.01" state="812000 1 5.10 0 1199600" pos="1139.14" speed="4.77" posLat="0.00"/>
    <vehicle id="idm_highway_inflow_00.463" type="human" depart="814.03" departLane="free" departSpeed="24.10" route="routehighway_0_0" speedFactor="1.16" state="814000 1 5.10 0 1199600" pos="1127.71" speed="4.65" posLat="0.00"/>
    <vehicle id="idm_highway_inflow_00.464" type="human" depart="815.78" departLane="free" departSpeed="24.10" route="routehighway_0_0" speedFactor="1.21" state="815600 1 5.10 0 1199600" pos="1116.05" speed="4.73" posLat="0.00"/>
    <vehicle id="idm_highway_inflow_00.465" type="human" depart="817.54" departLane="free" departSpeed="24.10" route="routehighway_0_0" speedFactor="1.06" state="817200 1 5.10 0 1199600" pos="1104.44" speed="4.80" posLat="0.00"/>
    <vehicle id="idm_highway_inflow_00.466" type="human" depart="819.30" departLane="free" departSpeed="24.10" route="routehighway_0_0" speedFactor="0.99" state="819200 1 5.10 0 1199600" pos="1092.49" speed="5.09" posLat="0.00"/>
    <vehicle id="idm_highway_inflow_00.467" type="human" depart="821.05" departLane="free" departSpeed="24.10" route="routehighway_0_0" speedFactor="1.00" state="820800 1 5.10 0 1199600" pos="1080.03" speed="5.46" posLat="0.00"/>
    <vehicle id="idm_highway_inflow_00.468" type="human" depart="822.81" departLane="free" departSpeed="24.10" route="routehighway_0_0" speedFactor="1.06" state="822800 1 5.10 0 1199600" pos="1067.45" speed="5.26" posLat="0.00"/>
    <vehicle id="idm_highway_inflow_00.469" type="human" depart="824.56" departLane="free" departSpeed="24.10" route="routehighway_0_0" speedFactor="0.87" state="824400 1 5.10 0 1199600" pos="1055.14" speed="4.81" posLat="0.00"/>
    <vehicle id="idm_highway_inflow_00.470" type="human" depart="826.32" departLane="free" departSpeed="24.10" route="routehighway_0_0" speedFactor="1.04" state="826000 1 5.10 0 1199600" pos="1043.64" speed="4.72" posLat="0.00"/>
    <vehicle id="idm_highway_inflow_00.471" type="human" depart="828.08" departLane="free" departSpeed="24.10" route="routehighway_0_0" speedFactor="0.94" state="828000 1 5.10 0 1199600" pos="1032.20" speed="4.56" posLat="0.00"/>
    <vehicle id="idm_highway_inflow_00.472" type="human" depart="829.83" departLane="free" departSpeed="24.10" route="routehighway_0_0" speedFactor="1.04" state="829600 1 5.10 0 1199600" pos="1020.50" speed="4.58" posLat="0.00"/>
    <vehicle id="idm_highway_inflow_00.473" type="human" depart="831.59" departLane="free" departSpeed="24.10" route="routehighway_0_0" speedFactor="1.02" state="831200 1 5.10 0 1199600" pos="1009.11" speed="4.44" posLat="0.00"/>
    <vehicle id="idm_highway_inflow_00.474" type="human" depart="833.34" departLane="free" departSpeed="24.10" route="routehighway_0_0" speedFactor="1.04" state="833200 1 5.10 0 1199600" pos="997.17" speed="4.61" posLat="0.00"/>
    <vehicle id="idm_highway_inflow_00.475" type="human" depart="835.10" departLane="free" departSpeed="24.10" route="routehighway_0_0" speedFactor="0.96" state="834800 1 5.10 0 1199600" pos="985.70" speed="4.29" posLat="0.00"/>
    <vehicle id="idm_highway_inflow_00.476" type="human" depart="836.86" departLane="free" departSpeed="24.10" route="routehighway_0_0" speedFactor="0.98" state="836800 1 5.10 0 1199600" pos="974.90" speed="4.30" posLat="0.00"/>
    <vehicle id="idm_highway_inflow_00.477" type="human" depart="838.61" departLane="free" departSpeed="24.10" route="routehighway_0_0" speedFactor="0.99" state="838400 1 5.10 0 1199600" pos="963.76" speed="4.19" posLat="0.00"/>
    <vehicle id="idm_highway_inflow_00.478" type="human" depart="840.37" departLane="free" departSpeed="24.10" route="routehighway_0_0" speedFactor="0.88" state="840000 1 5.10 0 1199600" pos="952.66" speed="4.14" posLat="0.00"/>
    <vehicle id="idm_highway_inflow_00.479" type="human" depart="842.12" departLane="free" departSpeed="24.10" route="routehighway_0_0" speedFactor="0.94" state="842000 1 5.10 0 1199600" pos="941.29" speed="4.67" posLat="0.00"/>
    <vehicle id="idm_highway_inflow_00.480" type="human" depart="843.88" departLane="free" departSpeed="24.10" route="routehighway_0_0" speedFactor="1.03" state="843600 1 5.10 0 1199600" pos="929.15" speed="5.42" posLat="0.00"/>
    <vehicle id="idm_highway_inflow_00.481" type="human" depart="845.64" departLane="free" departSpeed="24.10" route="routehighway_0_0" speedFactor="1.04" state="845600 1 5.10 0 1199600" pos="916.22" speed="6.17" posLat="0.00"/>
    <vehicle id="idm_highway_inflow_00.482" type="human" depart="847.39" departLane="free" departSpeed="24.10" route="routehighway_0_0" speedFactor="1.08" state="847200 1 5.10 0 1199600" pos="901.91" speed="7.04" posLat="0.00"/>
    <vehicle id="idm_highway_inflow_00.483" type="human" depart="849.15" departLane="free" departSpeed="24.10" route="routehighway_0_0" speedFactor="0.99" state="848800 1 5.10 0 1199600" pos="887.23" speed="7.62" posLat="0.00"/>
    <vehicle id="idm_highway_inflow_00.484" type="human" depart="850.90" departLane="free" departSpeed="24.10" route="routehighway_0_0" speedFactor="0.98" state="850800 1 5.10 0 1199600" pos="871.24" speed="7.91" posLat="0.00"/>
    <vehicle id="idm_highway_inflow_00.485" type="human" depart="852.66" departLane="free" departSpeed="24.10" route="routehighway_0_0" speedFactor="1.08" state="852400 1 5.10 0 1199600" pos="854.82" speed="7.39" posLat="0.00"/>
    <vehicle id="idm_highway_inflow_00.486" type="human" depart="854.42" departLane="free" departSpeed="24.10" route="routehighway_0_0" speedFactor="1.24" state="854400 1 5.10 0 1199600" pos="839.05" speed="6.27" posLat="0.00"/>
    <vehicle id="idm_highway_inflow_00.487" type="human" depart="856.17" departLane="free" departSpeed="24.10" route="routehighway_0_0" speedFactor="1.06" state="856000 1 5.10 0 1199600" pos="825.07" speed="5.42" posLat="0.00"/>
    <vehicle id="idm_highway_inflow_00.488" type="human" depart="857.93" departLane="free" departSpeed="24.10" route="routehighway_0_0" speedFactor="1.09" state="857600 1 5.10 0 1199600" pos="812.05" speed="4.49" posLat="0.00"/>
    <vehicle id="idm_highway_inflow_00.489" type="human" depart="859.68" departLane="free" departSpeed="24.10" route="routehighway_0_0" speedFactor="0.94" state="859600 1 5.10 0 1199600" pos="800.62" speed="3.72" posLat="0.00"/>
    <vehicle id="idm_highway_inflow_00.490" type="human" depart="861.44" departLane="free" departSpeed="24.10" route="routehighway_0_0" speedFactor="1.08" state="861200 1 5.10 0 1199600" pos="789.67" speed="2.86" posLat="0.00"/>
    <vehicle id="idm_highway_inflow_00.491" type="human" depart="863.20" departLane="free" departSpeed="24.10" route="routehighway_0_0" speedFactor="1.04" state="862800 1 5.10 0 1199600" pos="780.16" speed="2.34" posLat="0.00"/>
    <vehicle id="idm_highway_inflow_00.492" type="human" depart="864.95" departLane="free" departSpeed="24.10" route="routehighway_0_0" speedFactor="1.16" state="864800 1 5.10 0 1199600" pos="770.96" speed="2.04" posLat="0.00"/>
    <vehicle id="idm_highway_inflow_00.493" type="human" depart="866.71" departLane="free" departSpeed="24.10" route="routehighway_0_0" speedFactor="1.13" state="866800 1 5.10 0 1199600" pos="762.14" speed="1.93" posLat="0.00"/>
    <vehicle id="idm_highway_inflow_00.494" type="human" depart="868.46" departLane="free" departSpeed="24.10" route="routehighway_0_0" speedFactor="1.18" state="868800 1 5.10 0 1199600" pos="753.22" speed="2.04" posLat="0.00"/>
    <vehicle id="idm_highway_inflow_00.495" type="human" depart="870.22" departLane="free" departSpeed="24.10" route="routehighway_0_0" speedFactor="0.85" state="870800 1 5.10 0 1199600" pos="744.18" speed="2.08" posLat="0.00"/>
    <vehicle id="idm_highway_inflow_00.496" type="human" depart="871.98" departLane="free" departSpeed="24.10" route="routehighway_0_0" speedFactor="1.11" state="873600 1 5.10 0 1199600" pos="734.99" speed="2.44" posLat="0.00"/>
    <vehicle id="idm_highway_inflow_00.497" type="human" depart="873.73" departLane="free" departSpeed="24.10" route="routehighway_0_0" speedFactor="0.93" state="876400 1 5.10 0 1199600" pos="725.40" speed="2.66" posLat="0.00"/>
    <vehicle id="idm_highway_inflow_00.498" type="human" depart="875.49" departLane="free" departSpeed="24.10" route="routehighway_0_0" speedFactor="1.17" state="879600 1 5.10 0 1199600" pos="715.65" speed="3.03" posLat="0.00"/>
    <vehicle id="idm_highway_inflow_00.499" type="human" depart="877.24" departLane="free" departSpeed="24.10" route="routehighway_0_0" speedFactor="1.24" state="882800 1 5.10 0 1199600" pos="705.36" speed="3.77" posLat="0.00"/>
    <vehicle id="idm_highway_inflow_00.500" type="human" depart="879.00" departLane="free" departSpeed="24.10" route="routehighway_0_0" speedFactor="1.07" state="886400 1 5.10 0 1199600" pos="693.70" speed="4.91" posLat="0.00"/>
    <vehicle id="idm_highway_inflow_00.501" type="human" depart="880.76" departLane="free" departSpeed="24.10" route="routehighway_0_0" speedFactor="0.92" state="889600 1 5.10 0 1199600" pos="680.18" speed="6.47" posLat="0.00"/>
    <vehicle id="idm_highway_inflow_00.502" type="human" depart="882.51" departLane="free" departSpeed="24.10" route="routehighway_0_0" speedFactor="0.93" state="892400 1 5.10 0 1199600" pos="664.10" speed="8.44" posLat="0.00"/>
    <vehicle id="idm_highway_inflow_00.503" type="human" depart="884.27" departLane="free" departSpeed="24.10" route="routehighway_0_0" speedFactor="0.96" state="894800 1 5.10 0 1199600" pos="647.15" speed="8.90" posLat="0.00"/>
    <vehicle id="idm_highway_inflow_00.504" type="human" depart="886.02" departLane="free" departSpeed="24.10" route="routehighway_0_0" speedFactor="1.11" state="897200 1 5.10 0 1199600" pos="629.55" speed="8.77" posLat="0.00"/>
    <vehicle id="idm_highway_inflow_00.505" type="human" depart="887.78" departLane="free" departSpeed="24.10" route="routehighway_0_0" speedFactor="1.02" state="899200 1 5.10 0 1199600" pos="612.92" speed="7.67" posLat="0.00"/>
    <vehicle id="idm_highway_inflow_00.506" type="human" depart="889.54" departLane="free" departSpeed="24.10" route="routehighway_0_0" speedFactor="1.01" state="901200 1 5.10 0 1199600" pos="597.64" speed="6.67" posLat="0.00"/>
    <vehicle id="idm_highway_inflow_00.507" type="human" depart="891.29" departLane="free" departSpeed="24.10" route="routehighway_0_0" speedFactor="0.94" state="903200 1 5.10 0 1199600" pos="583.12" speed="5.63" posLat="0.00"/>
    <vehicle id="idm_highway_inflow_00.508" type="human" depart="893.05" departLane="free" departSpeed="24.10" route="routehighway_0_0" speedFactor="1.05" state="904800 1 5.10 0 1199600" pos="570.49" speed="4.79" posLat="0.00"/>
    <vehicle id="idm_highway_inflow_00.509" type="human" depart="894.80" departLane="free" departSpeed="24.10" route="routehighway_0_0" speedFactor="1.12" state="906800 1 5.10 0 1199600" pos="558.70" speed="3.70" posLat="0.00"/>
    <vehicle id="idm_highway_inflow_00.510" type="human" depart="896.56" departLane="free" departSpeed="24.10" route="routehighway_0_0" speedFactor="1.01" state="908400 1 5.10 0 1199600" pos="548.36" speed="3.19" posLat="0.00"/>
    <vehicle id="idm_highway_inflow_00.511" type="human" depart="898.32" departLane="free" departSpeed="24.10" route="routehighway_0_0" speedFactor="1.01" state="910000 1 5.10 0 1199600" pos="538.59" speed="2.51" posLat="0.00"/>
    <vehicle id="idm_highway_inflow_00.512" type="human" depart="900.07" departLane="free" departSpeed="24.10" route="routehighway_0_0" speedFactor="1.09" state="912000 1 5.10 0 1199600" pos="529.19" speed="2.51" posLat="0.00"/>
    <vehicle id="idm_highway_inflow_00.513" type="human" depart="901.83" departLane="free" departSpeed="24.10" route="routehighway_0_0" speedFactor="1.07" state="913600 1 5.10 0 1199600" pos="519.68" speed="2.70" posLat="0.00"/>
    <vehicle id="idm_highway_inflow_00.514" type="human" depart="903.58" departLane="free" departSpeed="24.10" route="routehighway_0_0" speedFactor="1.08" state="915200 1 5.10 0 1199600" pos="509.58" speed="3.68" posLat="0.00"/>
    <vehicle id="idm_highway_inflow_00.515" type="human" depart="905.34" departLane="free" departSpeed="24.10" route="routehighway_0_0" speedFactor="0.91" state="916800 1 5.10 0 1199600" pos="497.87" speed="5.01" posLat="0.00"/>
    <vehicle id="idm_highway_inflow_00.516" type="human" depart="907.10" departLane="free" departSpeed="24.10" route="routehighway_0_0" speedFactor="0.91" state="918400 1 5.10 0 1199600" pos="484.17" speed="6.73" posLat="0.00"/>
    <vehicle id="idm_highway_inflow_00.517" type="human" depart="908.85" departLane="free" departSpeed="24.10" route="routehighway_0_0" speedFactor="0.92" state="920000 1 5.10 0 1199600" pos="468.15" speed="8.15" posLat="0.00"/>
    <vehicle id="idm_highway_inflow_00.518" type="human" depart="910.61" departLane="free" departSpeed="24.10" route="routehighway_0_0" speedFactor="1.03" state="921600 1 5.10 0 1199600" pos="451.01" speed="8.70" posLat="0.00"/>
    <vehicle id="idm_highway_inflow_00.519" type="human" depart="912.36" departLane="free" departSpeed="24.10" route="routehighway_0_0" speedFactor="1.05" state="923200 1 5.10 0 1199600" pos="433.50" speed="8.62" posLat="0.00"/>
    <vehicle id="idm_highway_inflow_00.520" type="human" depart="914.12" departLane="free" departSpeed="24.10" route="routehighway_0_0" speedFactor="1.03" state="924800 1 5.10 0 1199600" pos="416.01" speed="7.90" posLat="0.00"/>
    <vehicle id="idm_highway_inflow_00.521" type="human" depart="915.88" departLane="free" departSpeed="24.10" route="routehighway_0_0" speedFactor="1.11" state="926400 1 5.10 0 1199600" pos="399.47" speed="6.70" posLat="0.00"/>
    <vehicle id="idm_highway_inflow_00.522" type="human" depart="917.63" departLane="free" departSpeed="24.10" route="routehighway_0_0" speedFactor="0.86" state="928400 1 5.10 0 1199600" pos="385.07" speed="5.67" posLat="0.00"/>
    <vehicle id="idm_highway_inflow_00.523" type="human" depart="919.39" departLane="free" departSpeed="24.10" route="routehighway_0_0" speedFactor="0.98" state="930000 1 5.10 0 1199600" pos="372.20" speed="4.34" posLat="0.00"/>
    <vehicle id="idm_highway_inflow_00.524" type="human" depart="921.14" departLane="free" departSpeed="24.10" route="routehighway_0_0" speedFactor="0.97" state="932000 1 5.10 0 1199600" pos="360.75" speed="3.77" posLat="0.00"/>
    <vehicle id="idm_highway_inflow_00.525" type="human" depart="922.90" departLane="free" departSpeed="24.10" route="routehighway_0_0" speedFactor="1.02" state="934000 1 5.10 0 1199600" pos="349.81" speed="3.15" posLat="0.00"/>
    <vehicle id="idm_highway_inflow_00.526" type="human" depart="924.66" departLane="free" departSpeed="24.10" route="routehighway_0_0" speedFactor="0.99" state="936000 1 5.10 0 1199600" pos="339.48" speed="2.47" posLat="0.00"/>
    <vehicle id="idm_highway_inflow_00.527" type="human" depart="926.41" departLane="free" departSpeed="24.10" route="routehighway_0_0" speedFactor="1.01" state="938400 1 5.10 0 1199600" pos="330.25" speed="1.69" posLat="0.00"/>
    <vehicle id="idm_highway_inflow_00.528" type="human" depart="928.17" departLane="free" departSpeed="24.10" route="routehighway_0_0" speedFactor="1.02" state="940800 1 5.10 0 1199600" pos="321.49" speed="1.43" posLat="0.00"/>
    <vehicle id="idm_highway_inflow_00.529" type="human" depart="929.92" departLane="free" departSpeed="24.10" route="routehighway_0_0" speedFactor="0.99" state="944000 1 5.10 0 1199600" pos="313.14" speed="1.07" posLat="0.00"/>
    <vehicle id="idm_highway_inflow_00.530" type="human" depart="931.68" departLane="free" departSpeed="24.10" route="routehighway_0_0" speedFactor="1.21" state="948400 1 5.10 0 1199600" pos="305.39" speed="0.75" posLat="0.00"/>
    <vehicle id="idm_highway_inflow_00.531" type="human" depart="933.44" departLane="free" departSpeed="24.10" route="routehighway_0_0" speedFactor="1.02" state="955600 1 5.10 0 1199600" pos="297.45" speed="1.07" posLat="0.00"/>
    <vehicle id="idm_highway_inflow_00.532" type="human" depart="935.19" departLane="free" departSpeed="24.10" route="routehighway_0_0" speedFactor="0.97" state="986800 1 5.10 0 1199600" pos="289.03" speed="1.79" posLat="0.00"/>
    <vehicle id="idm_highway_inflow_00.533" type="human" depart="936.95" departLane="free" departSpeed="24.10" route="routehighway_0_0" speedFactor="0.99" state="991200 1 5.10 0 1199600" pos="279.11" speed="3.49" posLat="0.00"/>
    <vehicle id="idm_highway_inflow_00.534" type="human" depart="938.70" departLane="free" departSpeed="24.10" route="routehighway_0_0" speedFactor="1.04" state="993600 1 5.10 0 1199600" pos="267.34" speed="4.98" posLat="0.00"/>
    <vehicle id="idm_highway_inflow_00.535" type="human" depart="940.46" departLane="free" departSpeed="24.10" route="routehighway_0_0" speedFactor="0.86" state="995600 1 5.10 0 1199600" pos="252.94" speed="7.05" posLat="0.00"/>
    <vehicle id="idm_highway_inflow_00.536" type="human" depart="942.22" departLane="free" departSpeed="24.10" route="routehighway_0_0" speedFactor="0.95" state="997600 1 5.10 0 1199600" pos="236.46" speed="7.88" posLat="0.00"/>
    <vehicle id="idm_highway_inflow_00.537" type="human" depart="943.97" departLane="free" departSpeed="24.10" route="routehighway_0_0" speedFactor="0.85" state="999600 1 5.10 0 1199600" pos="219.40" speed="7.10" posLat="0.00"/>
    <vehicle id="idm_highway_inflow_00.538" type="human" depart="945.73" departLane="free" departSpeed="24.10" route="routehighway_0_0" speedFactor="0.93" state="1001200 1 5.10 0 1199600" pos="204.91" speed="6.14" posLat="0.00"/>
    <vehicle id="idm_highway_inflow_00.539" type="human" depart="947.48" departLane="free" departSpeed="24.10" route="routehighway_0_0" speedFactor="1.10" state="1002800 1 5.10 0 1199600" pos="191.07" speed="5.23" posLat="0.00"/>
    <vehicle id="idm_highway_inflow_00.540" type="human" depart="949.24" departLane="free" departSpeed="24.10" route="routehighway_0_0" speedFactor="1.17" state="1004400 1 5.10 0 1199600" pos="178.85" speed="4.11" posLat="0.00"/>
    <vehicle id="idm_highway_inflow_00.541" type="human" depart="951.00" departLane="free" departSpeed="24.10" route="routehighway_0_0" speedFactor="1.12" state="1006000 1 5.10 0 1199600" pos="167.67" speed="3.31" posLat="0.00"/>
    <vehicle id="idm_highway_inflow_00.542" type="human" depart="952.75" departLane="free" departSpeed="24.10" route="routehighway_0_0" speedFactor="1.02" state="1007600 1 5.10 0 1199600" pos="157.55" speed="2.81" posLat="0.00"/>
    <vehicle id="idm_highway_inflow_00.543" type="human" depart="954.51" departLane="free" departSpeed="24.10" route="routehighway_0_0" speedFactor="0.90" state="1009200 1 5.10 0 1199600" pos="147.70" speed="2.22" posLat="0.00"/>
    <vehicle id="idm_highway_inflow_00.544" type="human" depart="956.26" departLane="free" departSpeed="24.10" route="routehighway_0_0" speedFactor="1.01" state="1010800 1 5.10 0 1199600" pos="138.57" speed="2.14" posLat="0.00"/>
    <vehicle id="idm_highway_inflow_00.545" type="human" depart="958.02" departLane="free" departSpeed="24.10" route="routehighway_0_0" speedFactor="1.04" state="1012400 1 5.10 0 1199600" pos="129.73" speed="2.00" posLat="0.00"/>
    <vehicle id="idm_highway_inflow_00.546" type="human" depart="959.78" departLane="free" departSpeed="24.10" route="routehighway_0_0" speedFactor="0.98" state="1014000 1 5.10 0 1199600" pos="120.74" speed="2.33" posLat="0.00"/>
    <vehicle id="idm_highway_inflow_00.547" type="human" depart="961.53" departLane="free" departSpeed="24.10" route="routehighway_0_0" speedFactor="1.00" state="1015600 1 5.10 0 1199600" pos="111.44" speed="2.67" posLat="0.00"/>
    <vehicle id="idm_highway_inflow_00.548" type="human" depart="963.29" departLane="free" departSpeed="24.10" route="routehighway_0_0" speedFactor="1.17" state="1017200 1 5.10 0 1199600" pos="101.68" speed="2.36" posLat="0.00"/>
    <vehicle id="idm_highway_inflow_00.549" type="human" depart="965.04" departLane="free" departSpeed="24.10" route="routehighway_0_0" speedFactor="0.96" state="1018800 1 5.10 0 1199600" pos="92.28" speed="2.61" posLat="0.00"/>
    <vehicle id="idm_highway_inflow_00.550" type="human" depart="966.80" departLane="free" departSpeed="24.10" route="routehighway_0_0" speedFactor="0.97" state="1020400 1 5.10 0 1199600" pos="82.65" speed="2.84" posLat="0.00"/>
    <vehicle id="idm_highway_inflow_00.551" type="human" depart="968.56" departLane="free" departSpeed="24.10" route="routehighway_0_0" speedFactor="0.89" state="1022000 1 5.10 0 1199600" pos="72.65" speed="3.34" posLat="0.00"/>
    <vehicle id="idm_highway_inflow_00.552" type="human" depart="970.31" departLane="free" departSpeed="24.10" route="routehighway_0_0" speedFactor="1.02" state="1023600 1 5.10 0 1199600" pos="62.02" speed="4.43" posLat="0.00"/>
    <vehicle id="idm_highway_inflow_00.553" type="human" depart="972.07" departLane="free" departSpeed="24.10" route="routehighway_0_0" speedFactor="0.84" state="1025200 1 5.10 0 1199600" pos="49.52" speed="5.85" posLat="0.00"/>
    <vehicle id="idm_highway_inflow_00.554" type="human" depart="973.82" departLane="free" departSpeed="24.10" route="routehighway_0_0" speedFactor="0.90" state="1026800 1 5.10 0 1199600" pos="34.48" speed="7.94" posLat="0.00"/>
    <vehicle id="idm_highway_inflow_00.555" type="human" depart="975.58" departLane="free" departSpeed="24.10" route="routehighway_0_0" speedFactor="1.13" state="1028400 1 5.10 0 1199600" pos="16.19" speed="10.61" posLat="0.00"/>
    <vehicle id="idm_highway_inflow_00.556" type="human" depart="977.34" departLane="free" departSpeed="24.10" route="routehighway_0_0" speedFactor="1.00" state="1030000 0 5.10 0 1199600" pos="1243.89" speed="13.56" posLat="0.00"/>
    <vehicle id="idm_highway_inflow_00.557" type="human" depart="979.09" departLane="free" departSpeed="24.10" route="routehighway_0_0" speedFactor="0.96" state="1031600 0 5.10 0 1199600" pos="1216.81" speed="16.28" posLat="0.00"/>
    <vehicle id="idm_highway_inflow_00.558" type="human" depart="980.85" departLane="free" departSpeed="24.10" route="routehighway_0_0" speedFactor="0.99" state="1033200 0 5.10 0 1199600" pos="1188.14" speed="17.47" posLat="0.00"/>
    <vehicle id="idm_highway_inflow_00.559" type="human" depart="982.60" departLane="free" departSpeed="24.10" route="routehighway_0_0" speedFactor="0.93" state="1034800 0 5.10 0 1199600" pos="1157.63" speed="17.25" posLat="0.00"/>
    <vehicle id="idm_highway_inflow_00.560" type="human" depart="984.36" departLane="free" departSpeed="24.10" route="routehighway_0_0" speedFactor="1.13" state="1036400 0 5.10 0 1199600" pos="1127.94" speed="15.93" posLat="0.00"/>
    <vehicle id="idm_highway_inflow_00.561" type="human" depart="986.12" departLane="free" departSpeed="24.10" route="routehighway_0_0" speedFactor="0.95" state="1038000 0 5.10 0 1199600" pos="1099.59" speed="14.65" posLat="0.00"/>
    <vehicle id="idm_highway_inflow_00.562" type="human" depart="987.87" departLane="free" departSpeed="24.10" route="routehighway_0_0" speedFactor="0.99" state="1039600 0 5.10 0 1199600" pos="1074.60" speed="13.38" posLat="0.00"/>
    <vehicle id="idm_highway_inflow_00.563" type="human" depart="989.63" departLane="free" departSpeed="24.10" route="routehighway_0_0" speedFactor="1.00" state="1041200 0 5.10 0 1199600" pos="1049.11" speed="12.51" posLat="0.00"/>
    <vehicle id="idm_highway_inflow_00.564" type="human" depart="991.38" departLane="free" departSpeed="24.10" route="routehighway_0_0" speedFactor="0.83" state="1042800 0 5.10 0 1199600" pos="1025.63" speed="11.00" posLat="0.00"/>
    <vehicle id="idm_highway_inflow_00.565" type="human" depart="993.14" departLane="free" departSpeed="24.10" route="routehighway_0_0" speedFactor="0.98" state="1044400 0 5.10 0 1199600" pos="1005.15" speed="9.81" posLat="0.00"/>
    <vehicle id="idm_highway_inflow_00.566" type="human" depart="994.90" departLane="free" departSpeed="24.10" route="routehighway_0_0" speedFactor="0.93" state="1046000 0 5.10 0 1199600" pos="985.52" speed="9.03" posLat="0.00"/>
    <vehicle id="idm_highway_inflow_00.567" type="human" depart="996.65" departLane="free" departSpeed="24.10" route="routehighway_0_0" speedFactor="1.07" state="1047600 0 5.10 0 1199600" pos="967.60" speed="7.52" posLat="0.00"/>
    <vehicle id="idm_highway_inflow_00.568" type="human" depart="998.41" departLane="free" departSpeed="24.10" route="routehighway_0_0" speedFactor="0.86" state="1049200 0 5.10 0 1199600" pos="952.18" speed="5.90" posLat="0.00"/>
    <vehicle id="idm_highway_inflow_00.569" type="human" depart="1000.16" departLane="free" departSpeed="24.10" route="routehighway_0_0" speedFactor="0.86" state="1050800 0 5.10 0 1199600" pos="938.31" speed="5.03" posLat="0.00"/>
    <vehicle id="idm_highway_inflow_00.570" type="human" depart="1001.92" departLane="free" departSpeed="24.10" route="routehighway_0_0" speedFactor="1.24" state="1052400 0 5.10 0 1199600" pos="925.46" speed="3.55" posLat="0.00"/>
    <vehicle id="idm_highway_inflow_00.571" type="human" depart="1003.68" departLane="free" departSpeed="24.10" route="routehighway_0_0" speedFactor="1.03" state="1054000 0 5.10 0 1199600" pos="914.32" speed="2.65" posLat="0.00"/>
    <vehicle id="idm_highway_inflow_00.572" type="human" depart="1005.43" departLane="free" departSpeed="24.10" route="routehighway_0_0" speedFactor="1.06" state="1055600 0 5.10 0 1199600" pos="904.56" speed="1.59" posLat="0.00"/>
    <vehicle id="idm_highway_inflow_00.573" type="human" depart="1007.19" departLane="free" departSpeed="24.10" route="routehighway_0_0" speedFactor="0.93" state="1057200 0 5.10 0 1199600" pos="896.20" speed="0.49" posLat="0.00"/>
    <vehicle id="idm_highway_inflow_00.574" type="human" depart="1008.94" departLane="free" departSpeed="24.10" route="routehighway_0_0" speedFactor="0.90" state="1058800 0 5.10 0 1199600" pos="889.03" speed="0.12" posLat="0.00"/>
    <vehicle id="idm_highway_inflow_00.575" type="human" depart="1010.70" departLane="free" departSpeed="24.10" route="routehighway_0_0" speedFactor="0.97" state="1060400 0 5.10 6800 1199600" pos="882.09" speed="0.04" posLat="0.00"/>
    <vehicle id="idm_highway_inflow_00.576" type="human" depart="1012.46" departLane="free" departSpeed="24.10" route="routehighway_0_0" speedFactor="1.02" state="1062000 0 5.10 6000 1199600" pos="875.16" speed="0.00" posLat="0.00"/>
    <vehicle id="idm_highway_inflow_00.577" type="human" depart="1014.21" departLane="free" departSpeed="24.10" route="routehighway_0_0" speedFactor="0.97" state="1063600 0 5.10 2400 1199600" pos="868.26" speed="0.00" posLat="0.00"/>
    <vehicle id="idm_highway_inflow_00.578" type="human" depart="1015.97" departLane="free" departSpeed="24.10" route="routehighway_0_0" speedFactor="0.98" state="1065200 0 5.10 4000 1199600" pos="861.28" speed="0.00" posLat="0.00"/>
    <vehicle id="idm_highway_inflow_00.579" type="human" depart="1017.72" departLane="free" departSpeed="24.10" route="routehighway_0_0" speedFactor="0.93" state="1066800 0 5.10 2000 1199600" pos="854.47" speed="0.00" posLat="0.00"/>
    <vehicle id="idm_highway_inflow_00.580" type="human" depart="1019.48" departLane="free" departSpeed="24.10" route="routehighway_0_0" speedFactor="0.95" state="1068400 0 5.10 1600 1199600" pos="847.58" speed="0.00" posLat="0.00"/>
    <vehicle id="idm_highway_inflow_00.581" type="human" depart="1021.24" departLane="free" departSpeed="24.10" route="routehighway_0_0" speedFactor="0.98" state="1070000 0 5.10 400 1199600" pos="840.75" speed="0.00" posLat="0.00"/>
    <vehicle id="idm_highway_inflow_00.582" type="human" depart="1022.99" departLane="free" departSpeed="24.10" route="routehighway_0_0" speedFactor="0.92" state="1071600 0 5.10 0 1199600" pos="833.66" speed="0.33" posLat="0.00"/>
    <vehicle id="idm_highway_inflow_00.583" type="human" depart="1024.75" departLane="free" departSpeed="24.10" route="routehighway_0_0" speedFactor="1.07" state="1073200 0 5.10 0 1199600" pos="826.11" speed="0.94" posLat="0.00"/>
    <vehicle id="idm_highway_inflow_00.584" type="human" depart="1026.50" departLane="free" departSpeed="24.10" route="routehighway_0_0" speedFactor="1.12" state="1075200 0 5.10 0 1199600" pos="817.66" speed="2.09" posLat="0.00"/>
    <vehicle id="idm_highway_inflow_00.585" type="human" depart="1028.26" departLane="free" departSpeed="24.10" route="routehighway_0_0" speedFactor="1.00" state="1077200 0 5.10 0 1199600" pos="807.64" speed="3.61" posLat="0.00"/>
    <vehicle id="idm_highway_inflow_00.586" type="human" depart="1030.02" departLane="free" departSpeed="24.10" route="routehighway_0_0" speedFactor="1.09" state="1079200 0 5.10 0 1199600" pos="795.23" speed="5.59" posLat="0.00"/>
    <vehicle id="idm_highway_inflow_00.587" type="human" depart="1031.77" departLane="free" departSpeed="24.10" route="routehighway_0_0" speedFactor="1.01" state="1081200 0 5.10 0 1199600" pos="779.80" speed="8.44" posLat="0.00"/>
    <vehicle id="idm_highway_inflow_00.588" type="human" depart="1033.53" departLane="free" departSpeed="24.10" route="routehighway_0_0" speedFactor="0.95" state="1083600 0 5.10 0 1199600" pos="760.16" speed="11.50" posLat="0.00"/>
    <vehicle id="idm_highway_inflow_00.589" type="human" depart="1035.28" departLane="free" departSpeed="24.10" route="routehighway_0_0" speedFactor="0.93" state="1086400 0 5.10 0 1199600" pos="736.18" speed="14.78" posLat="0.00"/>
    <vehicle id="idm_highway_inflow_00.590" type="human" depart="1037.04" departLane="free" departSpeed="24.10" route="routehighway_0_0" speedFactor="1.06" state="1089600 0 5.10 0 1199600" pos="708.14" speed="17.69" posLat="0.00"/>
    <vehicle id="idm_highway_inflow_00.591" type="human" depart="1038.80" departLane="free" departSpeed="24.10" route="routehighway_0_0" speedFactor="1.06" state="1094800 0 5.10 0 1199600" pos="675.42" speed="20.04" posLat="0.00"/>
    <vehicle id="idm_highway_inflow_00.592" type="human" depart="1040.55" departLane="free" departSpeed="24.10" route="routehighway_0_0" speedFactor="1.25" state="1103600 0 5.10 0 1199600" pos="639.65" speed="21.22" posLat="0.00"/>
    <vehicle id="idm_highway_inflow_00.593" type="human" depart="1042.31" departLane="free" departSpeed="24.10" route="routehighway_0_0" speedFactor="1.06" state="1119600 0 5.10 0 1199600" pos="603.46" speed="21.24" posLat="0.00"/>
    <vehicle id="idm_highway_inflow_00.594" type="human" depart="1044.06" departLane="free" departSpeed="24.10" route="routehighway_0_0" speedFactor="1.05" state="1123600 0 5.10 0 1199600" pos="567.06" speed="20.55" posLat="0.00"/>
    <vehicle id="idm_highway_inflow_00.595" type="human" depart="1045.82" departLane="free" departSpeed="24.10" route="routehighway_0_0" speedFactor="1.12" state="1126000 0 5.10 0 1199600" pos="530.25" speed="19.66" posLat="0.00"/>
    <vehicle id="idm_highway_inflow_00.596" type="human" depart="1047.58" departLane="free" departSpeed="24.10" route="routehighway_0_0" speedFactor="0.97" state="1128000 0 5.10 0 1199600" pos="495.73" speed="18.06" posLat="0.00"/>
    <vehicle id="idm_highway_inflow_00.597" type="human" depart="1049.33" departLane="free" departSpeed="24.10" route="routehighway_0_0" speedFactor="0.93" state="1130000 0 5.10 0 1199600" pos="464.13" speed="17.31" posLat="0.00"/>
    <vehicle id="idm_highway_inflow_00.598" type="human" depart="1051.09" departLane="free" departSpeed="24.10" route="routehighway_0_0" speedFactor="1.11" state="1131600 0 5.10 0 1199600" pos="432.05" speed="15.97" posLat="0.00"/>
    <vehicle id="idm_highway_inflow_00.599" type="human" depart="1052.84" departLane="free" departSpeed="24.10" route="routehighway_0_0" speedFactor="0.87" state="1133200 0 5.10 0 1199600" pos="403.79" speed="15.02" posLat="0.00"/>
    <vehicle id="idm_highway_inflow_00.600" type="human" depart="1054.60" departLane="free" departSpeed="24.10" route="routehighway_0_0" speedFactor="1.00" state="1134800 0 5.10 0 1199600" pos="377.45" speed="13.14" posLat="0.00"/>
    <vehicle id="idm_highway_inflow_00.601" type="human" depart="1056.36" departLane="free" departSpeed="24.10" route="routehighway_0_0" speedFactor="0.99" state="1136400 0 5.10 0 1199600" pos="355.19" speed="11.66" posLat="0.00"/>
    <vehicle id="idm_highway_inflow_00.602" type="human" depart="1058.11" departLane="free" departSpeed="24.10" route="routehighway_0_0" speedFactor="1.05" state="1138000 0 5.10 0 1199600" pos="333.97" speed="10.43" posLat="0.00"/>
    <vehicle id="idm_highway_inflow_00.603" type="human" depart="1059.87" departLane="free" departSpeed="24.10" route="routehighway_0_0" speedFactor="1.00" state="1139600 0 5.10 0 1199600" pos="313.91" speed="9.04" posLat="0.00"/>
    <vehicle id="idm_highway_inflow_00.604" type="human" depart="1061.62" departLane="free" departSpeed="24.10" route="routehighway_0_0" speedFactor="0.90" state="1141200 0 5.10 0 1199600" pos="295.90" speed="7.72" posLat="0.00"/>
    <vehicle id="idm_highway_inflow_00.605" type="human" depart="1063.38" departLane="free" departSpeed="24.10" route="routehighway_0_0" speedFactor="0.92" state="1142800 0 5.10 0 1199600" pos="279.39" speed="6.20" posLat="0.00"/>
    <vehicle id="idm_highway_inflow_00.606" type="human" depart="1065.14" departLane="free" departSpeed="24.10" route="routehighway_0_0" speedFactor="0.95" state="1144800 0 5.10 0 1199600" pos="264.95" speed="5.20" posLat="0.00"/>
    <vehicle id="idm_highway_inflow_00.607" type="human" depart="1066.89" departLane="free" departSpeed="24.10" route="routehighway_0_0" speedFactor="0.94" state="1146800 0 5.10 0 1199600" pos="251.36" speed="3.74" posLat="0.00"/>
    <vehicle id="idm_highway_inflow_00.608" type="human" depart="1068.65" departLane="free" departSpeed="24.10" route="routehighway_0_0" speedFactor="0.93" state="1148800 0 5.10 0 1199600" pos="240.42" speed="2.37" posLat="0.00"/>
    <vehicle id="idm_highway_inflow_00.609" type="human" depart="1070.40" departLane="free" departSpeed="24.10" route="routehighway_0_0" speedFactor="1.06" state="1150800 0 5.10 0 1199600" pos="231.16" speed="1.55" posLat="0.00"/>
    <vehicle id="idm_highway_inflow_00.610" type="human" depart="1072.16" departLane="free" departSpeed="24.10" route="routehighway_0_0" speedFactor="1.05" state="1153200 0 5.10 0 1199600" pos="222.73" speed="0.92" posLat="0.00"/>
    <vehicle id="idm_highway_inflow_00.611" type="human" depart="1073.92" departLane="free" departSpeed="24.10" route="routehighway_0_0" speedFactor="1.13" state="1155600 0 5.10 0 1199600" pos="215.06" speed="0.11" posLat="0.00"/>
    <vehicle id="idm_highway_inflow_00.612" type="human" depart="1075.67" departLane="free" departSpeed="24.10" route="routehighway_0_0" speedFactor="1.02" state="1158800 0 5.10 8000 1199600" pos="208.09" speed="0.00" posLat="0.00"/>
    <vehicle id="idm_highway_inflow_00.613" type="human" depart="1077.43" departLane="free" departSpeed="24.10" route="routehighway_0_0" speedFactor="0.96" state="1163600 0 5.10 6400 1199600" pos="201.16" speed="0.00" posLat="0.00"/>
    <vehicle id="idm_highway_inflow_00.614" type="human" depart="1079.18" departLane="free" departSpeed="24.10" route="routehighway_0_0" speedFactor="1.14" state="1171200 0 5.10 5600 1199600" pos="194.32" speed="0.01" posLat="0.00"/>
    <vehicle id="idm_highway_inflow_00.615" type="human" depart="1080.94" departLane="free" departSpeed="24.10" route="routehighway_0_0" speedFactor="1.00" state="1178800 0 5.10 4000 1199600" pos="187.49" speed="0.00" posLat="0.00"/>
    <vehicle id="idm_highway_inflow_00.616" type="human" depart="1082.70" departLane="free" departSpeed="24.10" route="routehighway_0_0" speedFactor="1.01" state="1182800 0 5.10 2000 1199600" pos="180.57" speed="0.00" posLat="0.00"/>
    <vehicle id="idm_highway_inflow_00.617" type="human" depart="1084.45" departLane="free" departSpeed="24.10" route="routehighway_0_0" speedFactor="1.11" state="1185200 0 5.10 800 1199600" pos="173.76" speed="0.00" posLat="0.00"/>
    <vehicle id="idm_highway_inflow_00.618" type="human" depart="1086.21" departLane="free" departSpeed="24.10" route="routehighway_0_0" speedFactor="1.00" state="1187200 0 5.10 0 1199600" pos="166.63" speed="0.45" posLat="0.00"/>
    <vehicle id="idm_highway_inflow_00.619" type="human" depart="1087.96" departLane="free" departSpeed="24.10" route="routehighway_0_0" speedFactor="0.90" state="1189200 0 5.10 0 1199600" pos="157.80" speed="2.41" posLat="0.00"/>
    <vehicle id="idm_highway_inflow_00.620" type="human" depart="1089.72" departLane="free" departSpeed="24.10" route="routehighway_0_0" speedFactor="1.18" state="1191200 0 5.10 0 1199600" pos="144.62" speed="5.75" posLat="0.00"/>
    <vehicle id="idm_highway_inflow_00.621" type="human" depart="1091.48" departLane="free" departSpeed="24.10" route="routehighway_0_0" speedFactor="1.02" state="1192800 0 5.10 0 1199600" pos="127.86" speed="9.08" posLat="0.00"/>
    <vehicle id="idm_highway_inflow_00.622" type="human" depart="1093.23" departLane="free" departSpeed="24.10" route="routehighway_0_0" speedFactor="1.02" state="1194800 0 5.10 0 1199600" pos="101.91" speed="14.23" posLat="0.00"/>
    <vehicle id="idm_highway_inflow_00.623" type="human" depart="1094.99" departLane="free" departSpeed="24.10" route="routehighway_0_0" speedFactor="1.13" state="1196800 0 5.10 0 1199600" pos="67.22" speed="19.04" posLat="0.00"/>
    <vehicle id="idm_highway_inflow_00.624" type="human" depart="1096.74" departLane="free" departSpeed="24.10" route="routehighway_0_0" speedFactor="1.10" state="1198800 0 5.10 0 1199600" pos="24.08" speed="23.15" posLat="0.00"/>
    <vehicle id="idm_highway_inflow_00.625" type="human" depart="1098.50" departLane="free" departSpeed="24.10" route="routehighway_0_0" speedFactor="1.08" state="9223372036854775807 0 -1.00 0 0" pos="5.10" speed="0.00" posLat="0.00"/>
    <vehicle id="idm_highway_inflow_00.626" type="human" depart="1100.26" departLane="free" departSpeed="24.10" route="routehighway_0_0" speedFactor="1.05" state="9223372036854775807 0 -1.00 0 0" pos="0.00" speed="0.00" posLat="0.00"/>
    <vehicle id="idm_highway_inflow_00.627" type="human" depart="1102.01" departLane="free" departSpeed="24.10" route="routehighway_0_0" speedFactor="0.90" state="9223372036854775807 0 -1.00 0 0" pos="0.00" speed="0.00" posLat="0.00"/>
    <vehicle id="idm_highway_inflow_00.628" type="human" depart="1103.77" departLane="free" departSpeed="24.10" route="routehighway_0_0" speedFactor="0.93" state="9223372036854775807 0 -1.00 0 0" pos="0.00" speed="0.00" posLat="0.00"/>
    <vehicle id="idm_highway_inflow_00.629" type="human" depart="1105.52" departLane="free" departSpeed="24.10" route="routehighway_0_0" speedFactor="0.90" state="9223372036854775807 0 -1.00 0 0" pos="0.00" speed="0.00" posLat="0.00"/>
    <vehicle id="idm_highway_inflow_00.630" type="human" depart="1107.28" departLane="free" departSpeed="24.10" route="routehighway_0_0" speedFactor="1.03" state="9223372036854775807 0 -1.00 0 0" pos="0.00" speed="0.00" posLat="0.00"/>
    <vehicle id="idm_highway_inflow_00.631" type="human" depart="1109.04" departLane="free" departSpeed="24.10" route="routehighway_0_0" speedFactor="1.05" state="9223372036854775807 0 -1.00 0 0" pos="0.00" speed="0.00" posLat="0.00"/>
    <vehicle id="idm_highway_inflow_00.632" type="human" depart="1110.79" departLane="free" departSpeed="24.10" route="routehighway_0_0" speedFactor="1.22" state="9223372036854775807 0 -1.00 0 0" pos="0.00" speed="0.00" posLat="0.00"/>
    <vehicle id="idm_highway_inflow_00.633" type="human" depart="1112.55" departLane="free" departSpeed="24.10" route="routehighway_0_0" speedFactor="1.01" state="9223372036854775807 0 -1.00 0 0" pos="0.00" speed="0.00" posLat="0.00"/>
    <vehicle id="idm_highway_inflow_00.634" type="human" depart="1114.30" departLane="free" departSpeed="24.10" route="routehighway_0_0" speedFactor="1.03" state="9223372036854775807 0 -1.00 0 0" pos="0.00" speed="0.00" posLat="0.00"/>
    <vehicle id="idm_highway_inflow_00.635" type="human" depart="1116.06" departLane="free" departSpeed="24.10" route="routehighway_0_0" speedFactor="1.13" state="9223372036854775807 0 -1.00 0 0" pos="0.00" speed="0.00" posLat="0.00"/>
    <vehicle id="idm_highway_inflow_00.636" type="human" depart="1117.82" departLane="free" departSpeed="24.10" route="routehighway_0_0" speedFactor="1.02" state="9223372036854775807 0 -1.00 0 0" pos="0.00" speed="0.00" posLat="0.00"/>
    <vehicle id="idm_highway_inflow_00.637" type="human" depart="1119.57" departLane="free" departSpeed="24.10" route="routehighway_0_0" speedFactor="0.99" state="9223372036854775807 0 -1.00 0 0" pos="0.00" speed="0.00" posLat="0.00"/>
    <vehicle id="idm_highway_inflow_00.638" type="human" depart="1121.33" departLane="free" departSpeed="24.10" route="routehighway_0_0" speedFactor="1.05" state="9223372036854775807 0 -1.00 0 0" pos="0.00" speed="0.00" posLat="0.00"/>
    <vehicle id="idm_highway_inflow_00.639" type="human" depart="1123.08" departLane="free" departSpeed="24.10" route="routehighway_0_0" speedFactor="0.98" state="9223372036854775807 0 -1.00 0 0" pos="0.00" speed="0.00" posLat="0.00"/>
    <vehicle id="idm_highway_inflow_00.640" type="human" depart="1124.84" departLane="free" departSpeed="24.10" route="routehighway_0_0" speedFactor="0.93" state="9223372036854775807 0 -1.00 0 0" pos="0.00" speed="0.00" posLat="0.00"/>
    <vehicle id="idm_highway_inflow_00.641" type="human" depart="1126.60" departLane="free" departSpeed="24.10" route="routehighway_0_0" speedFactor="1.06" state="9223372036854775807 0 -1.00 0 0" pos="0.00" speed="0.00" posLat="0.00"/>
    <vehicle id="idm_highway_inflow_00.642" type="human" depart="1128.35" departLane="free" departSpeed="24.10" route="routehighway_0_0" speedFactor="1.10" state="9223372036854775807 0 -1.00 0 0" pos="0.00" speed="0.00" posLat="0.00"/>
    <vehicle id="idm_highway_inflow_00.643" type="human" depart="1130.11" departLane="free" departSpeed="24.10" route="routehighway_0_0" speedFactor="0.95" state="9223372036854775807 0 -1.00 0 0" pos="0.00" speed="0.00" posLat="0.00"/>
    <vehicle id="idm_highway_inflow_00.644" type="human" depart="1131.86" departLane="free" departSpeed="24.10" route="routehighway_0_0" speedFactor="0.91" state="9223372036854775807 0 -1.00 0 0" pos="0.00" speed="0.00" posLat="0.00"/>
    <vehicle id="idm_highway_inflow_00.645" type="human" depart="1133.62" departLane="free" departSpeed="24.10" route="routehighway_0_0" speedFactor="0.84" state="9223372036854775807 0 -1.00 0 0" pos="0.00" speed="0.00" posLat="0.00"/>
    <vehicle id="idm_highway_inflow_00.646" type="human" depart="1135.38" departLane="free" departSpeed="24.10" route="routehighway_0_0" speedFactor="1.04" state="9223372036854775807 0 -1.00 0 0" pos="0.00" speed="0.00" posLat="0.00"/>
    <vehicle id="idm_highway_inflow_00.647" type="human" depart="1137.13" departLane="free" departSpeed="24.10" route="routehighway_0_0" speedFactor="0.97" state="9223372036854775807 0 -1.00 0 0" pos="0.00" speed="0.00" posLat="0.00"/>
    <vehicle id="idm_highway_inflow_00.648" type="human" depart="1138.89" departLane="free" departSpeed="24.10" route="routehighway_0_0" speedFactor="0.96" state="9223372036854775807 0 -1.00 0 0" pos="0.00" speed="0.00" posLat="0.00"/>
    <vehicle id="idm_highway_inflow_00.649" type="human" depart="1140.64" departLane="free" departSpeed="24.10" route="routehighway_0_0" speedFactor="0.81" state="9223372036854775807 0 -1.00 0 0" pos="0.00" speed="0.00" posLat="0.00"/>
    <vehicle id="idm_highway_inflow_00.650" type="human" depart="1142.40" departLane="free" departSpeed="24.10" route="routehighway_0_0" speedFactor="1.04" state="9223372036854775807 0 -1.00 0 0" pos="0.00" speed="0.00" posLat="0.00"/>
    <vehicle id="idm_highway_inflow_00.651" type="human" depart="1144.16" departLane="free" departSpeed="24.10" route="routehighway_0_0" speedFactor="1.01" state="9223372036854775807 0 -1.00 0 0" pos="0.00" speed="0.00" posLat="0.00"/>
    <vehicle id="idm_highway_inflow_00.652" type="human" depart="1145.91" departLane="free" departSpeed="24.10" route="routehighway_0_0" speedFactor="0.97" state="9223372036854775807 0 -1.00 0 0" pos="0.00" speed="0.00" posLat="0.00"/>
    <vehicle id="idm_highway_inflow_00.653" type="human" depart="1147.67" departLane="free" departSpeed="24.10" route="routehighway_0_0" speedFactor="0.87" state="9223372036854775807 0 -1.00 0 0" pos="0.00" speed="0.00" posLat="0.00"/>
    <vehicle id="idm_highway_inflow_00.654" type="human" depart="1149.42" departLane="free" departSpeed="24.10" route="routehighway_0_0" speedFactor="1.00" state="9223372036854775807 0 -1.00 0 0" pos="0.00" speed="0.00" posLat="0.00"/>
    <vehicle id="idm_highway_inflow_00.655" type="human" depart="1151.18" departLane="free" departSpeed="24.10" route="routehighway_0_0" speedFactor="1.00" state="9223372036854775807 0 -1.00 0 0" pos="0.00" speed="0.00" posLat="0.00"/>
    <vehicle id="idm_highway_inflow_00.656" type="human" depart="1152.94" departLane="free" departSpeed="24.10" route="routehighway_0_0" speedFactor="1.10" state="9223372036854775807 0 -1.00 0 0" pos="0.00" speed="0.00" posLat="0.00"/>
    <vehicle id="idm_highway_inflow_00.657" type="human" depart="1154.69" departLane="free" departSpeed="24.10" route="routehighway_0_0" speedFactor="1.03" state="9223372036854775807 0 -1.00 0 0" pos="0.00" speed="0.00" posLat="0.00"/>
    <vehicle id="idm_highway_inflow_00.658" type="human" depart="1156.45" departLane="free" departSpeed="24.10" route="routehighway_0_0" speedFactor="0.88" state="9223372036854775807 0 -1.00 0 0" pos="0.00" speed="0.00" posLat="0.00"/>
    <vehicle id="idm_highway_inflow_00.659" type="human" depart="1158.20" departLane="free" departSpeed="24.10" route="routehighway_0_0" speedFactor="0.83" state="9223372036854775807 0 -1.00 0 0" pos="0.00" speed="0.00" posLat="0.00"/>
    <vehicle id="idm_highway_inflow_00.660" type="human" depart="1159.96" departLane="free" departSpeed="24.10" route="routehighway_0_0" speedFactor="0.98" state="9223372036854775807 0 -1.00 0 0" pos="0.00" speed="0.00" posLat="0.00"/>
    <vehicle id="idm_highway_inflow_00.661" type="human" depart="1161.72" departLane="free" departSpeed="24.10" route="routehighway_0_0" speedFactor="1.06" state="9223372036854775807 0 -1.00 0 0" pos="0.00" speed="0.00" posLat="0.00"/>
    <vehicle id="idm_highway_inflow_00.662" type="human" depart="1163.47" departLane="free" departSpeed="24.10" route="routehighway_0_0" speedFactor="0.88" state="9223372036854775807 0 -1.00 0 0" pos="0.00" speed="0.00" posLat="0.00"/>
    <vehicle id="idm_highway_inflow_00.663" type="human" depart="1165.23" departLane="free" departSpeed="24.10" route="routehighway_0_0" speedFactor="1.19" state="9223372036854775807 0 -1.00 0 0" pos="0.00" speed="0.00" posLat="0.00"/>
    <vehicle id="idm_highway_inflow_00.664" type="human" depart="1166.98" departLane="free" departSpeed="24.10" route="routehighway_0_0" speedFactor="1.05" state="9223372036854775807 0 -1.00 0 0" pos="0.00" speed="0.00" posLat="0.00"/>
    <vehicle id="idm_highway_inflow_00.665" type="human" depart="1168.74" departLane="free" departSpeed="24.10" route="routehighway_0_0" speedFactor="1.00" state="9223372036854775807 0 -1.00 0 0" pos="0.00" speed="0.00" posLat="0.00"/>
    <vehicle id="idm_highway_inflow_00.666" type="human" depart="1170.50" departLane="free" departSpeed="24.10" route="routehighway_0_0" speedFactor="1.06" state="9223372036854775807 0 -1.00 0 0" pos="0.00" speed="0.00" posLat="0.00"/>
    <vehicle id="idm_highway_inflow_00.667" type="human" depart="1172.25" departLane="free" departSpeed="24.10" route="routehighway_0_0" speedFactor="1.07" state="9223372036854775807 0 -1.00 0 0" pos="0.00" speed="0.00" posLat="0.00"/>
    <vehicle id="idm_highway_inflow_00.668" type="human" depart="1174.01" departLane="free" departSpeed="24.10" route="routehighway_0_0" speedFactor="0.94" state="9223372036854775807 0 -1.00 0 0" pos="0.00" speed="0.00" posLat="0.00"/>
    <vehicle id="idm_highway_inflow_00.669" type="human" depart="1175.76" departLane="free" departSpeed="24.10" route="routehighway_0_0" speedFactor="1.00" state="9223372036854775807 0 -1.00 0 0" pos="0.00" speed="0.00" posLat="0.00"/>
    <vehicle id="idm_highway_inflow_00.670" type="human" depart="1177.52" departLane="free" departSpeed="24.10" route="routehighway_0_0" speedFactor="1.07" state="9223372036854775807 0 -1.00 0 0" pos="0.00" speed="0.00" posLat="0.00"/>
    <vehicle id="idm_highway_inflow_00.671" type="human" depart="1179.28" departLane="free" departSpeed="24.10" route="routehighway_0_0" speedFactor="1.14" state="9223372036854775807 0 -1.00 0 0" pos="0.00" speed="0.00" posLat="0.00"/>
    <vehicle id="idm_highway_inflow_00.672" type="human" depart="1181.03" departLane="free" departSpeed="24.10" route="routehighway_0_0" speedFactor="0.88" state="9223372036854775807 0 -1.00 0 0" pos="0.00" speed="0.00" posLat="0.00"/>
    <vehicle id="idm_highway_inflow_00.673" type="human" depart="1182.79" departLane="free" departSpeed="24.10" route="routehighway_0_0" speedFactor="1.02" state="9223372036854775807 0 -1.00 0 0" pos="0.00" speed="0.00" posLat="0.00"/>
    <vehicle id="idm_highway_inflow_00.674" type="human" depart="1184.54" departLane="free" departSpeed="24.10" route="routehighway_0_0" speedFactor="0.89" state="9223372036854775807 0 -1.00 0 0" pos="0.00" speed="0.00" posLat="0.00"/>
    <vehicle id="idm_highway_inflow_00.675" type="human" depart="1186.30" departLane="free" departSpeed="24.10" route="routehighway_0_0" speedFactor="1.18" state="9223372036854775807 0 -1.00 0 0" pos="0.00" speed="0.00" posLat="0.00"/>
    <vehicle id="idm_highway_inflow_00.676" type="human" depart="1188.06" departLane="free" departSpeed="24.10" route="routehighway_0_0" speedFactor="1.13" state="9223372036854775807 0 -1.00 0 0" pos="0.00" speed="0.00" posLat="0.00"/>
    <vehicle id="idm_highway_inflow_00.677" type="human" depart="1189.81" departLane="free" departSpeed="24.10" route="routehighway_0_0" speedFactor="1.02" state="9223372036854775807 0 -1.00 0 0" pos="0.00" speed="0.00" posLat="0.00"/>
    <vehicle id="idm_highway_inflow_00.678" type="human" depart="1191.57" departLane="free" departSpeed="24.10" route="routehighway_0_0" speedFactor="0.99" state="9223372036854775807 0 -1.00 0 0" pos="0.00" speed="0.00" posLat="0.00"/>
    <vehicle id="idm_highway_inflow_00.679" type="human" depart="1193.32" departLane="free" departSpeed="24.10" route="routehighway_0_0" speedFactor="0.99" state="9223372036854775807 0 -1.00 0 0" pos="0.00" speed="0.00" posLat="0.00"/>
    <vehicle id="idm_highway_inflow_00.680" type="human" depart="1195.08" departLane="free" departSpeed="24.10" route="routehighway_0_0" speedFactor="1.02" state="9223372036854775807 0 -1.00 0 0" pos="0.00" speed="0.00" posLat="0.00"/>
    <vehicle id="idm_highway_inflow_00.681" type="human" depart="1196.84" departLane="free" departSpeed="24.10" route="routehighway_0_0" speedFactor="1.13" state="9223372036854775807 0 -1.00 0 0" pos="0.00" speed="0.00" posLat="0.00"/>
    <vehicle id="idm_highway_inflow_00.682" type="human" depart="1198.59" departLane="free" departSpeed="24.10" route="routehighway_0_0" speedFactor="0.97" state="9223372036854775807 0 -1.00 0 0" pos="0.00" speed="0.00" posLat="0.00"/>
    <lane id=":edge_1_0_0">
        <vehicles value=""/>
    </lane>
    <lane id=":edge_2_0_0">
        <vehicles value=""/>
    </lane>
    <lane id="highway_0_0">
        <vehicles value="idm_highway_inflow_00.624 idm_highway_inflow_00.623 idm_highway_inflow_00.622 idm_highway_inflow_00.621 idm_highway_inflow_00.620 idm_highway_inflow_00.619 idm_highway_inflow_00.618 idm_highway_inflow_00.617 idm_highway_inflow_00.616 idm_highway_inflow_00.615 idm_highway_inflow_00.614 idm_highway_inflow_00.613 idm_highway_inflow_00.612 idm_highway_inflow_00.611 idm_highway_inflow_00.610 idm_highway_inflow_00.609 idm_highway_inflow_00.608 idm_highway_inflow_00.607 idm_highway_inflow_00.606 idm_highway_inflow_00.605 idm_highway_inflow_00.604 idm_highway_inflow_00.603 idm_highway_inflow_00.602 idm_highway_inflow_00.601 idm_highway_inflow_00.600 idm_highway_inflow_00.599 idm_highway_inflow_00.598 idm_highway_inflow_00.597 idm_highway_inflow_00.596 idm_highway_inflow_00.595 idm_highway_inflow_00.594 idm_highway_inflow_00.593 idm_highway_inflow_00.592 idm_highway_inflow_00.591 idm_highway_inflow_00.590 idm_highway_inflow_00.589 idm_highway_inflow_00.588 idm_highway_inflow_00.587 idm_highway_inflow_00.586 idm_highway_inflow_00.585 idm_highway_inflow_00.584 idm_highway_inflow_00.583 idm_highway_inflow_00.582 idm_highway_inflow_00.581 idm_highway_inflow_00.580 idm_highway_inflow_00.579 idm_highway_inflow_00.578 idm_highway_inflow_00.577 idm_highway_inflow_00.576 idm_highway_inflow_00.575 idm_highway_inflow_00.574 idm_highway_inflow_00.573 idm_highway_inflow_00.572 idm_highway_inflow_00.571 idm_highway_inflow_00.570 idm_highway_inflow_00.569 idm_highway_inflow_00.568 idm_highway_inflow_00.567 idm_highway_inflow_00.566 idm_highway_inflow_00.565 idm_highway_inflow_00.564 idm_highway_inflow_00.563 idm_highway_inflow_00.562 idm_highway_inflow_00.561 idm_highway_inflow_00.560 idm_highway_inflow_00.559 idm_highway_inflow_00.558 idm_highway_inflow_00.557 idm_highway_inflow_00.556"/>
    </lane>
    <lane id="highway_1_0">
        <vehicles value="idm_highway_inflow_00.555 idm_highway_inflow_00.554 idm_highway_inflow_00.553 idm_highway_inflow_00.552 idm_highway_inflow_00.551 idm_highway_inflow_00.550 idm_highway_inflow_00.549 idm_highway_inflow_00.548 idm_highway_inflow_00.547 idm_highway_inflow_00.546 idm_highway_inflow_00.545 idm_highway_inflow_00.544 idm_highway_inflow_00.543 idm_highway_inflow_00.542 idm_highway_inflow_00.541 idm_highway_inflow_00.540 idm_highway_inflow_00.539 idm_highway_inflow_00.538 idm_highway_inflow_00.537 idm_highway_inflow_00.536 idm_highway_inflow_00.535 idm_highway_inflow_00.534 idm_highway_inflow_00.533 idm_highway_inflow_00.532 idm_highway_inflow_00.531 idm_highway_inflow_00.530 idm_highway_inflow_00.529 idm_highway_inflow_00.528 idm_highway_inflow_00.527 idm_highway_inflow_00.526 idm_highway_inflow_00.525 idm_highway_inflow_00.524 idm_highway_inflow_00.523 idm_highway_inflow_00.522 idm_highway_inflow_00.521 idm_highway_inflow_00.520 idm_highway_inflow_00.519 idm_highway_inflow_00.518 idm_highway_inflow_00.517 idm_highway_inflow_00.516 idm_highway_inflow_00.515 idm_highway_inflow_00.514 idm_highway_inflow_00.513 idm_highway_inflow_00.512 idm_highway_inflow_00.511 idm_highway_inflow_00.510 idm_highway_inflow_00.509 idm_highway_inflow_00.508 idm_highway_inflow_00.507 idm_highway_inflow_00.506 idm_highway_inflow_00.505 idm_highway_inflow_00.504 idm_highway_inflow_00.503 idm_highway_inflow_00.502 idm_highway_inflow_00.501 idm_highway_inflow_00.500 idm_highway_inflow_00.499 idm_highway_inflow_00.498 idm_highway_inflow_00.497 idm_highway_inflow_00.496 idm_highway_inflow_00.495 idm_highway_inflow_00.494 idm_highway_inflow_00.493 idm_highway_inflow_00.492 idm_highway_inflow_00.491 idm_highway_inflow_00.490 idm_highway_inflow_00.489 idm_highway_inflow_00.488 idm_highway_inflow_00.487 idm_highway_inflow_00.486 idm_highway_inflow_00.485 idm_highway_inflow_00.484 idm_highway_inflow_00.483 idm_highway_inflow_00.482 idm_highway_inflow_00.481 idm_highway_inflow_00.480 idm_highway_inflow_00.479 idm_highway_inflow_00.478 idm_highway_inflow_00.477 idm_highway_inflow_00.476 idm_highway_inflow_00.475 idm_highway_inflow_00.474 idm_highway_inflow_00.473 idm_highway_inflow_00.472 idm_highway_inflow_00.471 idm_highway_inflow_00.470 idm_highway_inflow_00.469 idm_highway_inflow_00.468 idm_highway_inflow_00.467 idm_highway_inflow_00.466 idm_highway_inflow_00.465 idm_highway_inflow_00.464 idm_highway_inflow_00.463 idm_highway_inflow_00.462 idm_highway_inflow_00.461 idm_highway_inflow_00.460 idm_highway_inflow_00.459 idm_highway_inflow_00.458 idm_highway_inflow_00.457 idm_highway_inflow_00.456 idm_highway_inflow_00.455 idm_highway_inflow_00.454 idm_highway_inflow_00.453"/>
    </lane>
    <lane id="highway_end_0">
        <vehicles value="idm_highway_inflow_00.452 idm_highway_inflow_00.451 idm_highway_inflow_00.450 idm_highway_inflow_00.449 idm_highway_inflow_00.448 idm_highway_inflow_00.447 idm_highway_inflow_00.446 idm_highway_inflow_00.445 idm_highway_inflow_00.444 idm_highway_inflow_00.443 idm_highway_inflow_00.442 idm_highway_inflow_00.441 idm_highway_inflow_00.440 idm_highway_inflow_00.439 idm_highway_inflow_00.438 idm_highway_inflow_00.437 idm_highway_inflow_00.436 idm_highway_inflow_00.435 idm_highway_inflow_00.434 idm_highway_inflow_00.433 idm_highway_inflow_00.432 idm_highway_inflow_00.431 idm_highway_inflow_00.430 idm_highway_inflow_00.429 idm_highway_inflow_00.428"/>
    </lane>
</snapshot>
